date,app_id,app_slug,app_name,platform,metric,value,source,checked_at
2026-03-30,APP-0002,tagweaver,TagWeaver,ios,impressions,3,apple_snapshot_discovery,2026-10-09T02:20:53+00:00
2026-03-31,APP-0002,tagweaver,TagWeaver,ios,impressions,93,apple_snapshot_discovery,2026-10-09T02:20:53+00:00
2026-03-31,APP-0002,tagweaver,TagWeaver,ios,store_visitors,7,apple_snapshot_discovery,2026-10-09T02:20:53+00:00
2026-04-01,APP-0002,tagweaver,TagWeaver,ios,impressions,72,apple_snapshot_discovery,2026-10-09T02:20:53+00:00
2026-04-01,APP-0002,tagweaver,TagWeaver,ios,store_visitors,10,apple_snapshot_discovery,2026-10-09T02:20:53+00:00
2026-04-02,APP-0001,quivra,Quivra,ios,impressions,43,apple_snapshot_discovery,2026-10-09T02:20:53+00:00
2026-04-02,APP-0001,quivra,Quivra,ios,store_visitors,5,apple_snapshot_discovery,2026-10-09T02:20:53+00:00
2026-04-02,APP-0002,tagweaver,TagWeaver,ios,impressions,46,apple_snapshot_discovery,2026-10-09T02:20:53+00:00
2026-04-02,APP-0002,tagweaver,TagWeaver,ios,store_visitors,3,apple_snapshot_discovery,2026-10-09T02:20:53+00:00
2026-04-03,APP-0001,quivra,Quivra,ios,impressions,76,apple_snapshot_discovery,2026-10-09T02:20:53+00:00
2026-04-03,APP-0002,tagweaver,TagWeaver,ios,impressions,49,apple_snapshot_discovery,2026-10-09T02:20:53+00:00
2026-04-03,APP-0002,tagweaver,TagWeaver,ios,store_visitors,5,apple_snapshot_discovery,2026-10-09T02:20:53+00:00
2026-04-04,APP-0001,quivra,Quivra,ios,impressions,4,apple_snapshot_discovery,2026-10-09T02:20:53+00:00
2026-04-04,APP-0002,tagweaver,TagWeaver,ios,impressions,37,apple_snapshot_discovery,2026-10-09T02:20:53+00:00
2026-04-04,APP-0002,tagweaver,TagWeaver,ios,store_visitors,6,apple_snapshot_discovery,2026-10-09T02:20:53+00:00
2026-04-05,APP-0001,quivra,Quivra,ios,impressions,5,apple_snapshot_discovery,2026-10-09T02:20:53+00:00
2026-04-05,APP-0001,quivra,Quivra,ios,store_visitors,2,apple_snapshot_discovery,2026-10-09T02:20:53+00:00
2026-04-05,APP-0002,tagweaver,TagWeaver,ios,impressions,16,apple_snapshot_discovery,2026-10-09T02:20:53+00:00
2026-04-06,APP-0001,quivra,Quivra,ios,impressions,4,apple_snapshot_discovery,2026-10-09T02:20:53+00:00
2026-04-06,APP-0002,tagweaver,TagWeaver,ios,impressions,16,apple_snapshot_discovery,2026-10-09T02:20:53+00:00
2026-04-06,APP-0002,tagweaver,TagWeaver,ios,store_visitors,3,apple_snapshot_discovery,2026-10-09T02:20:53+00:00
2026-04-07,APP-0001,quivra,Quivra,ios,impressions,6,apple_snapshot_discovery,2026-10-09T02:20:53+00:00
2026-04-07,APP-0002,tagweaver,TagWeaver,ios,impressions,26,apple_snapshot_discovery,2026-10-09T02:20:53+00:00
2026-04-07,APP-0002,tagweaver,TagWeaver,ios,store_visitors,4,apple_snapshot_discovery,2026-10-09T02:20:53+00:00
2026-04-08,APP-0002,tagweaver,TagWeaver,ios,impressions,18,apple_snapshot_discovery,2026-10-09T02:20:53+00:00
2026-04-09,APP-0001,quivra,Quivra,ios,impressions,5,apple_snapshot_discovery,2026-10-09T02:20:53+00:00
2026-04-09,APP-0002,tagweaver,TagWeaver,ios,impressions,21,apple_snapshot_discovery,2026-10-09T02:20:53+00:00
2026-04-09,APP-0002,tagweaver,TagWeaver,ios,store_visitors,5,apple_snapshot_discovery,2026-10-09T02:20:53+00:00
2026-04-10,APP-0001,quivra,Quivra,ios,impressions,1,apple_snapshot_discovery,2026-10-09T02:20:53+00:00
2026-04-10,APP-0002,tagweaver,TagWeaver,ios,impressions,18,apple_snapshot_discovery,2026-10-09T02:20:53+00:00
2026-04-10,APP-0002,tagweaver,TagWeaver,ios,store_visitors,1,apple_snapshot_discovery,2026-10-09T02:20:53+00:00
2026-04-11,APP-0001,quivra,Quivra,ios,impressions,5,apple_snapshot_discovery,2026-10-09T02:20:53+00:00
2026-04-11,APP-0002,tagweaver,TagWeaver,ios,impressions,20,apple_snapshot_discovery,2026-10-09T02:20:53+00:00
2026-04-11,APP-0002,tagweaver,TagWeaver,ios,store_visitors,1,apple_snapshot_discovery,2026-10-09T02:20:53+00:00
2026-04-12,APP-0001,quivra,Quivra,ios,impressions,1,apple_snapshot_discovery,2026-10-09T02:20:53+00:00
2026-04-12,APP-0002,tagweaver,TagWeaver,ios,impressions,28,apple_snapshot_discovery,2026-10-09T02:20:53+00:00
2026-04-12,APP-0002,tagweaver,TagWeaver,ios,store_visitors,1,apple_snapshot_discovery,2026-10-09T02:20:53+00:00
2026-04-13,APP-0002,tagweaver,TagWeaver,ios,impressions,21,apple_snapshot_discovery,2026-10-09T02:20:53+00:00
2026-04-13,APP-0002,tagweaver,TagWeaver,ios,store_visitors,3,apple_snapshot_discovery,2026-10-09T02:20:53+00:00
2026-04-14,APP-0001,quivra,Quivra,ios,impressions,2,apple_snapshot_discovery,2026-10-09T02:20:53+00:00
2026-04-14,APP-0002,tagweaver,TagWeaver,ios,impressions,23,apple_snapshot_discovery,2026-10-09T02:20:53+00:00
2026-04-14,APP-0002,tagweaver,TagWeaver,ios,store_visitors,3,apple_snapshot_discovery,2026-10-09T02:20:53+00:00
2026-04-15,APP-0001,quivra,Quivra,ios,impressions,4,apple_snapshot_discovery,2026-10-09T02:20:53+00:00
2026-04-15,APP-0002,tagweaver,TagWeaver,ios,impressions,29,apple_snapshot_discovery,2026-10-09T02:20:53+00:00
2026-04-15,APP-0002,tagweaver,TagWeaver,ios,store_visitors,4,apple_snapshot_discovery,2026-10-09T02:20:53+00:00
2026-04-16,APP-0001,quivra,Quivra,ios,impressions,1,apple_snapshot_discovery,2026-10-09T02:20:53+00:00
2026-04-16,APP-0002,tagweaver,TagWeaver,ios,impressions,26,apple_snapshot_discovery,2026-10-09T02:20:53+00:00
2026-04-16,APP-0002,tagweaver,TagWeaver,ios,store_visitors,1,apple_snapshot_discovery,2026-10-09T02:20:53+00:00
2026-04-17,APP-0001,quivra,Quivra,ios,impressions,3,apple_snapshot_discovery,2026-10-09T02:20:53+00:00
2026-04-17,APP-0002,tagweaver,TagWeaver,ios,impressions,17,apple_snapshot_discovery,2026-10-09T02:20:53+00:00
2026-04-17,APP-0002,tagweaver,TagWeaver,ios,store_visitors,3,apple_snapshot_discovery,2026-10-09T02:20:53+00:00
2026-04-18,APP-0002,tagweaver,TagWeaver,ios,impressions,24,apple_snapshot_discovery,2026-10-09T02:20:53+00:00
2026-04-18,APP-0002,tagweaver,TagWeaver,ios,store_visitors,1,apple_snapshot_discovery,2026-10-09T02:20:53+00:00
2026-04-19,APP-0001,quivra,Quivra,ios,impressions,12,apple_snapshot_discovery,2026-10-09T02:20:53+00:00
2026-04-19,APP-0001,quivra,Quivra,ios,store_visitors,1,apple_snapshot_discovery,2026-10-09T02:20:53+00:00
2026-04-19,APP-0002,tagweaver,TagWeaver,ios,impressions,38,apple_snapshot_discovery,2026-10-09T02:20:53+00:00
2026-04-19,APP-0002,tagweaver,TagWeaver,ios,store_visitors,8,apple_snapshot_discovery,2026-10-09T02:20:53+00:00
2026-04-20,APP-0001,quivra,Quivra,ios,impressions,1,apple_snapshot_discovery,2026-10-09T02:20:53+00:00
2026-04-20,APP-0002,tagweaver,TagWeaver,ios,impressions,48,apple_snapshot_discovery,2026-10-09T02:20:53+00:00
2026-04-20,APP-0002,tagweaver,TagWeaver,ios,store_visitors,8,apple_snapshot_discovery,2026-10-09T02:20:53+00:00
2026-04-21,APP-0001,quivra,Quivra,ios,impressions,3,apple_snapshot_discovery,2026-10-09T02:20:53+00:00
2026-04-21,APP-0002,tagweaver,TagWeaver,ios,impressions,48,apple_snapshot_discovery,2026-10-09T02:20:53+00:00
2026-04-21,APP-0002,tagweaver,TagWeaver,ios,store_visitors,5,apple_snapshot_discovery,2026-10-09T02:20:53+00:00
2026-04-22,APP-0001,quivra,Quivra,ios,impressions,3,apple_snapshot_discovery,2026-10-09T02:20:53+00:00
2026-04-22,APP-0002,tagweaver,TagWeaver,ios,impressions,32,apple_snapshot_discovery,2026-10-09T02:20:53+00:00
2026-04-22,APP-0002,tagweaver,TagWeaver,ios,purchases,1,apple_snapshot_purchases,2026-10-09T02:20:53+00:00
2026-04-22,APP-0002,tagweaver,TagWeaver,ios,store_visitors,3,apple_snapshot_discovery,2026-10-09T02:20:53+00:00
2026-04-23,APP-0001,quivra,Quivra,ios,impressions,1,apple_snapshot_discovery,2026-10-09T02:20:53+00:00
2026-04-23,APP-0002,tagweaver,TagWeaver,ios,impressions,26,apple_snapshot_discovery,2026-10-09T02:20:53+00:00
2026-04-23,APP-0002,tagweaver,TagWeaver,ios,store_visitors,2,apple_snapshot_discovery,2026-10-09T02:20:53+00:00
2026-04-24,APP-0001,quivra,Quivra,ios,impressions,4,apple_snapshot_discovery,2026-10-09T02:20:53+00:00
2026-04-24,APP-0002,tagweaver,TagWeaver,ios,impressions,41,apple_snapshot_discovery,2026-10-09T02:20:53+00:00
2026-04-24,APP-0002,tagweaver,TagWeaver,ios,store_visitors,4,apple_snapshot_discovery,2026-10-09T02:20:53+00:00
2026-04-24,APP-0003,vaultxt,VaultXT,ios,impressions,93,apple_snapshot_discovery,2026-10-09T02:20:53+00:00
2026-04-24,APP-0003,vaultxt,VaultXT,ios,store_visitors,12,apple_snapshot_discovery,2026-10-09T02:20:53+00:00
2026-04-25,APP-0001,quivra,Quivra,ios,impressions,1,apple_snapshot_discovery,2026-10-09T02:20:53+00:00
2026-04-25,APP-0002,tagweaver,TagWeaver,ios,impressions,33,apple_snapshot_discovery,2026-10-09T02:20:53+00:00
2026-04-25,APP-0002,tagweaver,TagWeaver,ios,store_visitors,2,apple_snapshot_discovery,2026-10-09T02:20:53+00:00
2026-04-25,APP-0003,vaultxt,VaultXT,ios,impressions,30,apple_snapshot_discovery,2026-10-09T02:20:53+00:00
2026-04-25,APP-0003,vaultxt,VaultXT,ios,store_visitors,3,apple_snapshot_discovery,2026-10-09T02:20:53+00:00
2026-04-26,APP-0002,tagweaver,TagWeaver,ios,impressions,25,apple_snapshot_discovery,2026-10-09T02:20:53+00:00
2026-04-26,APP-0002,tagweaver,TagWeaver,ios,store_visitors,1,apple_snapshot_discovery,2026-10-09T02:20:53+00:00
2026-04-26,APP-0003,vaultxt,VaultXT,ios,impressions,20,apple_snapshot_discovery,2026-10-09T02:20:53+00:00
2026-04-26,APP-0003,vaultxt,VaultXT,ios,store_visitors,1,apple_snapshot_discovery,2026-10-09T02:20:53+00:00
2026-04-27,APP-0001,quivra,Quivra,ios,impressions,3,apple_snapshot_discovery,2026-10-09T02:20:53+00:00
2026-04-27,APP-0002,tagweaver,TagWeaver,ios,impressions,23,apple_snapshot_discovery,2026-10-09T02:20:53+00:00
2026-04-27,APP-0002,tagweaver,TagWeaver,ios,store_visitors,2,apple_snapshot_discovery,2026-10-09T02:20:53+00:00
2026-04-27,APP-0003,vaultxt,VaultXT,ios,impressions,16,apple_snapshot_discovery,2026-10-09T02:20:53+00:00
2026-04-27,APP-0003,vaultxt,VaultXT,ios,store_visitors,3,apple_snapshot_discovery,2026-10-09T02:20:53+00:00
2026-04-28,APP-0001,quivra,Quivra,ios,impressions,3,apple_snapshot_discovery,2026-10-09T02:20:53+00:00
2026-04-28,APP-0001,quivra,Quivra,ios,store_visitors,1,apple_snapshot_discovery,2026-10-09T02:20:53+00:00
2026-04-28,APP-0002,tagweaver,TagWeaver,ios,impressions,47,apple_snapshot_discovery,2026-10-09T02:20:53+00:00
2026-04-28,APP-0002,tagweaver,TagWeaver,ios,store_visitors,3,apple_snapshot_discovery,2026-10-09T02:20:53+00:00
2026-04-28,APP-0003,vaultxt,VaultXT,ios,impressions,16,apple_snapshot_discovery,2026-10-09T02:20:53+00:00
2026-04-28,APP-0003,vaultxt,VaultXT,ios,purchases,1,apple_snapshot_purchases,2026-10-09T02:20:53+00:00
2026-04-28,APP-0003,vaultxt,VaultXT,ios,store_visitors,4,apple_snapshot_discovery,2026-10-09T02:20:53+00:00
2026-04-29,APP-0001,quivra,Quivra,ios,impressions,1,apple_snapshot_discovery,2026-10-09T02:20:53+00:00
2026-04-29,APP-0002,tagweaver,TagWeaver,ios,impressions,22,apple_snapshot_discovery,2026-10-09T02:20:53+00:00
2026-04-29,APP-0002,tagweaver,TagWeaver,ios,purchases,1,apple_snapshot_purchases,2026-10-09T02:20:53+00:00
2026-04-29,APP-0002,tagweaver,TagWeaver,ios,store_visitors,1,apple_snapshot_discovery,2026-10-09T02:20:53+00:00
2026-04-29,APP-0003,vaultxt,VaultXT,ios,impressions,5,apple_snapshot_discovery,2026-10-09T02:20:53+00:00
2026-04-30,APP-0001,quivra,Quivra,ios,impressions,7,apple_snapshot_discovery,2026-10-09T02:20:53+00:00
2026-04-30,APP-0001,quivra,Quivra,ios,store_visitors,4,apple_snapshot_discovery,2026-10-09T02:20:53+00:00
2026-04-30,APP-0002,tagweaver,TagWeaver,ios,impressions,30,apple_snapshot_discovery,2026-10-09T02:20:53+00:00
2026-04-30,APP-0002,tagweaver,TagWeaver,ios,store_visitors,5,apple_snapshot_discovery,2026-10-09T02:20:53+00:00
2026-04-30,APP-0003,vaultxt,VaultXT,ios,impressions,10,apple_snapshot_discovery,2026-10-09T02:20:53+00:00
2026-04-30,APP-0003,vaultxt,VaultXT,ios,store_visitors,4,apple_snapshot_discovery,2026-10-09T02:20:53+00:00
2026-05-01,APP-0001,quivra,Quivra,ios,impressions,7,apple_snapshot_discovery,2026-10-09T02:20:53+00:00
2026-05-01,APP-0002,tagweaver,TagWeaver,ios,impressions,42,apple_snapshot_discovery,2026-10-09T02:20:53+00:00
2026-05-01,APP-0002,tagweaver,TagWeaver,ios,store_visitors,6,apple_snapshot_discovery,2026-10-09T02:20:53+00:00
2026-05-01,APP-0003,vaultxt,VaultXT,ios,impressions,12,apple_snapshot_discovery,2026-10-09T02:20:53+00:00
2026-05-01,APP-0003,vaultxt,VaultXT,ios,store_visitors,3,apple_snapshot_discovery,2026-10-09T02:20:53+00:00
2026-05-02,APP-0001,quivra,Quivra,ios,impressions,2,apple_snapshot_discovery,2026-10-09T02:20:53+00:00
2026-05-02,APP-0002,tagweaver,TagWeaver,ios,impressions,36,apple_snapshot_discovery,2026-10-09T02:20:53+00:00
2026-05-02,APP-0002,tagweaver,TagWeaver,ios,store_visitors,3,apple_snapshot_discovery,2026-10-09T02:20:53+00:00
2026-05-02,APP-0003,vaultxt,VaultXT,ios,impressions,9,apple_snapshot_discovery,2026-10-09T02:20:53+00:00
2026-05-03,APP-0001,quivra,Quivra,ios,impressions,1,apple_snapshot_discovery,2026-10-09T02:20:53+00:00
2026-05-03,APP-0002,tagweaver,TagWeaver,ios,impressions,48,apple_snapshot_discovery,2026-10-09T02:20:53+00:00
2026-05-03,APP-0002,tagweaver,TagWeaver,ios,store_visitors,7,apple_snapshot_discovery,2026-10-09T02:20:53+00:00
2026-05-03,APP-0003,vaultxt,VaultXT,ios,impressions,7,apple_snapshot_discovery,2026-10-09T02:20:53+00:00
2026-05-04,APP-0002,tagweaver,TagWeaver,ios,impressions,54,apple_snapshot_discovery,2026-10-09T02:20:53+00:00
2026-05-04,APP-0002,tagweaver,TagWeaver,ios,store_visitors,4,apple_snapshot_discovery,2026-10-09T02:20:53+00:00
2026-05-04,APP-0003,vaultxt,VaultXT,ios,impressions,5,apple_snapshot_discovery,2026-10-09T02:20:53+00:00
2026-05-05,APP-0001,quivra,Quivra,ios,impressions,4,apple_snapshot_discovery,2026-10-09T02:20:53+00:00
2026-05-05,APP-0002,tagweaver,TagWeaver,ios,impressions,70,apple_snapshot_discovery,2026-10-09T02:20:53+00:00
2026-05-05,APP-0002,tagweaver,TagWeaver,ios,purchases,1,apple_snapshot_purchases,2026-10-09T02:20:53+00:00
2026-05-05,APP-0002,tagweaver,TagWeaver,ios,store_visitors,4,apple_snapshot_discovery,2026-10-09T02:20:53+00:00
2026-05-05,APP-0003,vaultxt,VaultXT,ios,impressions,8,apple_snapshot_discovery,2026-10-09T02:20:53+00:00
2026-05-05,APP-0003,vaultxt,VaultXT,ios,store_visitors,1,apple_snapshot_discovery,2026-10-09T02:20:53+00:00
2026-05-06,APP-0001,quivra,Quivra,ios,impressions,5,apple_snapshot_discovery,2026-10-09T02:20:53+00:00
2026-05-06,APP-0002,tagweaver,TagWeaver,ios,impressions,38,apple_snapshot_discovery,2026-10-09T02:20:53+00:00
2026-05-06,APP-0002,tagweaver,TagWeaver,ios,store_visitors,2,apple_snapshot_discovery,2026-10-09T02:20:53+00:00
2026-05-06,APP-0003,vaultxt,VaultXT,ios,impressions,6,apple_snapshot_discovery,2026-10-09T02:20:53+00:00
2026-05-07,APP-0001,quivra,Quivra,ios,impressions,1,apple_snapshot_discovery,2026-10-09T02:20:53+00:00
2026-05-07,APP-0002,tagweaver,TagWeaver,ios,impressions,42,apple_snapshot_discovery,2026-10-09T02:20:53+00:00
2026-05-07,APP-0002,tagweaver,TagWeaver,ios,store_visitors,3,apple_snapshot_discovery,2026-10-09T02:20:53+00:00
2026-05-07,APP-0003,vaultxt,VaultXT,ios,impressions,3,apple_snapshot_discovery,2026-10-09T02:20:53+00:00
2026-05-08,APP-0001,quivra,Quivra,ios,impressions,2,apple_snapshot_discovery,2026-10-09T02:20:53+00:00
2026-05-08,APP-0001,quivra,Quivra,ios,store_visitors,1,apple_snapshot_discovery,2026-10-09T02:20:53+00:00
2026-05-08,APP-0002,tagweaver,TagWeaver,ios,impressions,49,apple_snapshot_discovery,2026-10-09T02:20:53+00:00
2026-05-08,APP-0002,tagweaver,TagWeaver,ios,store_visitors,5,apple_snapshot_discovery,2026-10-09T02:20:53+00:00
2026-05-08,APP-0003,vaultxt,VaultXT,ios,impressions,5,apple_snapshot_discovery,2026-10-09T02:20:53+00:00
2026-05-08,APP-0003,vaultxt,VaultXT,ios,store_visitors,1,apple_snapshot_discovery,2026-10-09T02:20:53+00:00
2026-05-09,APP-0001,quivra,Quivra,ios,impressions,1,apple_snapshot_discovery,2026-10-09T02:20:53+00:00
2026-05-09,APP-0002,tagweaver,TagWeaver,ios,impressions,50,apple_snapshot_discovery,2026-10-09T02:20:53+00:00
2026-05-09,APP-0002,tagweaver,TagWeaver,ios,store_visitors,3,apple_snapshot_discovery,2026-10-09T02:20:53+00:00
2026-05-09,APP-0003,vaultxt,VaultXT,ios,impressions,3,apple_snapshot_discovery,2026-10-09T02:20:53+00:00
2026-05-10,APP-0002,tagweaver,TagWeaver,ios,impressions,32,apple_snapshot_discovery,2026-10-09T02:20:53+00:00
2026-05-10,APP-0002,tagweaver,TagWeaver,ios,store_visitors,2,apple_snapshot_discovery,2026-10-09T02:20:53+00:00
2026-05-10,APP-0003,vaultxt,VaultXT,ios,impressions,4,apple_snapshot_discovery,2026-10-09T02:20:53+00:00
2026-05-11,APP-0001,quivra,Quivra,ios,impressions,6,apple_snapshot_discovery,2026-10-09T02:20:53+00:00
2026-05-11,APP-0001,quivra,Quivra,ios,store_visitors,2,apple_snapshot_discovery,2026-10-09T02:20:53+00:00
2026-05-11,APP-0002,tagweaver,TagWeaver,ios,impressions,43,apple_snapshot_discovery,2026-10-09T02:20:53+00:00
2026-05-11,APP-0002,tagweaver,TagWeaver,ios,store_visitors,10,apple_snapshot_discovery,2026-10-09T02:20:53+00:00
2026-05-11,APP-0003,vaultxt,VaultXT,ios,impressions,8,apple_snapshot_discovery,2026-10-09T02:20:53+00:00
2026-05-12,APP-0001,quivra,Quivra,ios,impressions,1,apple_snapshot_discovery,2026-10-09T02:20:53+00:00
2026-05-12,APP-0002,tagweaver,TagWeaver,ios,impressions,38,apple_snapshot_discovery,2026-10-09T02:20:53+00:00
2026-05-12,APP-0002,tagweaver,TagWeaver,ios,store_visitors,3,apple_snapshot_discovery,2026-10-09T02:20:53+00:00
2026-05-12,APP-0003,vaultxt,VaultXT,ios,impressions,2,apple_snapshot_discovery,2026-10-09T02:20:53+00:00
2026-05-13,APP-0002,tagweaver,TagWeaver,ios,impressions,35,apple_snapshot_discovery,2026-10-09T02:20:53+00:00
2026-05-13,APP-0002,tagweaver,TagWeaver,ios,store_visitors,1,apple_snapshot_discovery,2026-10-09T02:20:53+00:00
2026-05-13,APP-0003,vaultxt,VaultXT,ios,impressions,3,apple_snapshot_discovery,2026-10-09T02:20:53+00:00
2026-05-14,APP-0002,tagweaver,TagWeaver,ios,impressions,22,apple_snapshot_discovery,2026-10-09T02:20:53+00:00
2026-05-14,APP-0002,tagweaver,TagWeaver,ios,store_visitors,3,apple_snapshot_discovery,2026-10-09T02:20:53+00:00
2026-05-14,APP-0003,vaultxt,VaultXT,ios,impressions,1,apple_snapshot_discovery,2026-10-09T02:20:53+00:00
2026-05-15,APP-0002,tagweaver,TagWeaver,ios,impressions,37,apple_snapshot_discovery,2026-10-09T02:20:53+00:00
2026-05-15,APP-0002,tagweaver,TagWeaver,ios,store_visitors,2,apple_snapshot_discovery,2026-10-09T02:20:53+00:00
2026-05-15,APP-0003,vaultxt,VaultXT,ios,impressions,2,apple_snapshot_discovery,2026-10-09T02:20:53+00:00
2026-05-16,APP-0001,quivra,Quivra,ios,impressions,4,apple_snapshot_discovery,2026-10-09T02:20:53+00:00
2026-05-16,APP-0002,tagweaver,TagWeaver,ios,impressions,57,apple_snapshot_discovery,2026-10-09T02:20:53+00:00
2026-05-16,APP-0002,tagweaver,TagWeaver,ios,store_visitors,4,apple_snapshot_discovery,2026-10-09T02:20:53+00:00
2026-05-16,APP-0003,vaultxt,VaultXT,ios,impressions,4,apple_snapshot_discovery,2026-10-09T02:20:53+00:00
2026-05-17,APP-0001,quivra,Quivra,ios,impressions,8,apple_snapshot_discovery,2026-10-09T02:20:53+00:00
2026-05-17,APP-0002,tagweaver,TagWeaver,ios,impressions,45,apple_snapshot_discovery,2026-10-09T02:20:53+00:00
2026-05-17,APP-0002,tagweaver,TagWeaver,ios,store_visitors,3,apple_snapshot_discovery,2026-10-09T02:20:53+00:00
2026-05-17,APP-0003,vaultxt,VaultXT,ios,impressions,9,apple_snapshot_discovery,2026-10-09T02:20:53+00:00
2026-05-18,APP-0001,quivra,Quivra,ios,impressions,1,apple_snapshot_discovery,2026-10-09T02:20:53+00:00
2026-05-18,APP-0002,tagweaver,TagWeaver,ios,impressions,54,apple_snapshot_discovery,2026-10-09T02:20:53+00:00
2026-05-18,APP-0002,tagweaver,TagWeaver,ios,store_visitors,8,apple_snapshot_discovery,2026-10-09T02:20:53+00:00
2026-05-18,APP-0003,vaultxt,VaultXT,ios,impressions,6,apple_snapshot_discovery,2026-10-09T02:20:53+00:00
2026-05-19,APP-0001,quivra,Quivra,ios,impressions,1,apple_snapshot_discovery,2026-10-09T02:20:53+00:00
2026-05-19,APP-0002,tagweaver,TagWeaver,ios,impressions,53,apple_snapshot_discovery,2026-10-09T02:20:53+00:00
2026-05-19,APP-0003,vaultxt,VaultXT,ios,impressions,13,apple_snapshot_discovery,2026-10-09T02:20:53+00:00
2026-05-20,APP-0001,quivra,Quivra,ios,impressions,3,apple_snapshot_discovery,2026-10-09T02:20:53+00:00
2026-05-20,APP-0002,tagweaver,TagWeaver,ios,impressions,54,apple_snapshot_discovery,2026-10-09T02:20:53+00:00
2026-05-20,APP-0002,tagweaver,TagWeaver,ios,store_visitors,4,apple_snapshot_discovery,2026-10-09T02:20:53+00:00
2026-05-20,APP-0003,vaultxt,VaultXT,ios,impressions,6,apple_snapshot_discovery,2026-10-09T02:20:53+00:00
2026-05-20,APP-0003,vaultxt,VaultXT,ios,store_visitors,1,apple_snapshot_discovery,2026-10-09T02:20:53+00:00
2026-05-21,APP-0002,tagweaver,TagWeaver,ios,impressions,56,apple_snapshot_discovery,2026-10-09T02:20:53+00:00
2026-05-21,APP-0002,tagweaver,TagWeaver,ios,store_visitors,1,apple_snapshot_discovery,2026-10-09T02:20:53+00:00
2026-05-21,APP-0003,vaultxt,VaultXT,ios,impressions,7,apple_snapshot_discovery,2026-10-09T02:20:53+00:00
2026-05-21,APP-0003,vaultxt,VaultXT,ios,store_visitors,1,apple_snapshot_discovery,2026-10-09T02:20:53+00:00
2026-05-22,APP-0001,quivra,Quivra,ios,impressions,1,apple_snapshot_discovery,2026-10-09T02:20:53+00:00
2026-05-22,APP-0002,tagweaver,TagWeaver,ios,impressions,53,apple_snapshot_discovery,2026-10-09T02:20:53+00:00
2026-05-22,APP-0002,tagweaver,TagWeaver,ios,store_visitors,3,apple_snapshot_discovery,2026-10-09T02:20:53+00:00
2026-05-22,APP-0003,vaultxt,VaultXT,ios,impressions,7,apple_snapshot_discovery,2026-10-09T02:20:53+00:00
2026-05-23,APP-0002,tagweaver,TagWeaver,ios,impressions,49,apple_snapshot_discovery,2026-10-09T02:20:53+00:00
2026-05-23,APP-0002,tagweaver,TagWeaver,ios,store_visitors,3,apple_snapshot_discovery,2026-10-09T02:20:53+00:00
2026-05-23,APP-0003,vaultxt,VaultXT,ios,impressions,10,apple_snapshot_discovery,2026-10-09T02:20:53+00:00
2026-05-24,APP-0001,quivra,Quivra,ios,impressions,2,apple_snapshot_discovery,2026-10-09T02:20:53+00:00
2026-05-24,APP-0002,tagweaver,TagWeaver,ios,impressions,64,apple_snapshot_discovery,2026-10-09T02:20:53+00:00
2026-05-24,APP-0002,tagweaver,TagWeaver,ios,store_visitors,2,apple_snapshot_discovery,2026-10-09T02:20:53+00:00
2026-05-24,APP-0003,vaultxt,VaultXT,ios,impressions,9,apple_snapshot_discovery,2026-10-09T02:20:53+00:00
2026-05-24,APP-0003,vaultxt,VaultXT,ios,store_visitors,2,apple_snapshot_discovery,2026-10-09T02:20:53+00:00
2026-05-25,APP-0001,quivra,Quivra,ios,impressions,4,apple_snapshot_discovery,2026-10-09T02:20:53+00:00
2026-05-25,APP-0002,tagweaver,TagWeaver,ios,impressions,69,apple_snapshot_discovery,2026-10-09T02:20:53+00:00
2026-05-25,APP-0003,vaultxt,VaultXT,ios,impressions,10,apple_snapshot_discovery,2026-10-09T02:20:53+00:00
2026-05-25,APP-0003,vaultxt,VaultXT,ios,store_visitors,1,apple_snapshot_discovery,2026-10-09T02:20:53+00:00
2026-05-26,APP-0001,quivra,Quivra,ios,impressions,5,apple_snapshot_discovery,2026-10-09T02:20:53+00:00
2026-05-26,APP-0002,tagweaver,TagWeaver,ios,impressions,50,apple_snapshot_discovery,2026-10-09T02:20:53+00:00
2026-05-26,APP-0002,tagweaver,TagWeaver,ios,store_visitors,1,apple_snapshot_discovery,2026-10-09T02:20:53+00:00
2026-05-26,APP-0003,vaultxt,VaultXT,ios,impressions,14,apple_snapshot_discovery,2026-10-09T02:20:53+00:00
2026-05-27,APP-0001,quivra,Quivra,ios,impressions,4,apple_snapshot_discovery,2026-10-09T02:20:53+00:00
2026-05-27,APP-0002,tagweaver,TagWeaver,ios,impressions,67,apple_snapshot_discovery,2026-10-09T02:20:53+00:00
2026-05-27,APP-0002,tagweaver,TagWeaver,ios,store_visitors,5,apple_snapshot_discovery,2026-10-09T02:20:53+00:00
2026-05-27,APP-0003,vaultxt,VaultXT,ios,impressions,5,apple_snapshot_discovery,2026-10-09T02:20:53+00:00
2026-05-27,APP-0003,vaultxt,VaultXT,ios,store_visitors,1,apple_snapshot_discovery,2026-10-09T02:20:53+00:00
2026-05-28,APP-0001,quivra,Quivra,ios,impressions,1,apple_snapshot_discovery,2026-10-09T02:20:53+00:00
2026-05-28,APP-0002,tagweaver,TagWeaver,ios,impressions,61,apple_snapshot_discovery,2026-10-09T02:20:53+00:00
2026-05-28,APP-0002,tagweaver,TagWeaver,ios,store_visitors,2,apple_snapshot_discovery,2026-10-09T02:20:53+00:00
2026-05-28,APP-0003,vaultxt,VaultXT,ios,impressions,6,apple_snapshot_discovery,2026-10-09T02:20:53+00:00
2026-05-29,APP-0002,tagweaver,TagWeaver,ios,impressions,96,apple_snapshot_discovery,2026-10-09T02:20:53+00:00
2026-05-29,APP-0002,tagweaver,TagWeaver,ios,store_visitors,7,apple_snapshot_discovery,2026-10-09T02:20:53+00:00
2026-05-29,APP-0003,vaultxt,VaultXT,ios,impressions,4,apple_snapshot_discovery,2026-10-09T02:20:53+00:00
2026-05-30,APP-0001,quivra,Quivra,ios,impressions,3,apple_snapshot_discovery,2026-10-09T02:20:53+00:00
2026-05-30,APP-0002,tagweaver,TagWeaver,ios,impressions,31,apple_snapshot_discovery,2026-10-09T02:20:53+00:00
2026-05-30,APP-0002,tagweaver,TagWeaver,ios,store_visitors,2,apple_snapshot_discovery,2026-10-09T02:20:53+00:00
2026-05-30,APP-0003,vaultxt,VaultXT,ios,impressions,3,apple_snapshot_discovery,2026-10-09T02:20:53+00:00
2026-05-31,APP-0001,quivra,Quivra,ios,impressions,1,apple_snapshot_discovery,2026-10-09T02:20:53+00:00
2026-05-31,APP-0001,quivra,Quivra,ios,store_visitors,1,apple_snapshot_discovery,2026-10-09T02:20:53+00:00
2026-05-31,APP-0002,tagweaver,TagWeaver,ios,impressions,36,apple_snapshot_discovery,2026-10-09T02:20:53+00:00
2026-05-31,APP-0002,tagweaver,TagWeaver,ios,store_visitors,2,apple_snapshot_discovery,2026-10-09T02:20:53+00:00
2026-05-31,APP-0003,vaultxt,VaultXT,ios,impressions,9,apple_snapshot_discovery,2026-10-09T02:20:53+00:00
2026-06-01,APP-0001,quivra,Quivra,ios,impressions,1,apple_snapshot_discovery,2026-10-09T02:20:53+00:00
2026-06-01,APP-0002,tagweaver,TagWeaver,ios,impressions,27,apple_snapshot_discovery,2026-10-09T02:20:53+00:00
2026-06-01,APP-0003,vaultxt,VaultXT,ios,impressions,4,apple_snapshot_discovery,2026-10-09T02:20:53+00:00
2026-06-02,APP-0001,quivra,Quivra,ios,impressions,3,apple_snapshot_discovery,2026-10-09T02:20:53+00:00
2026-06-02,APP-0002,tagweaver,TagWeaver,ios,impressions,79,apple_snapshot_discovery,2026-10-09T02:20:53+00:00
2026-06-02,APP-0002,tagweaver,TagWeaver,ios,store_visitors,3,apple_snapshot_discovery,2026-10-09T02:20:53+00:00
2026-06-02,APP-0003,vaultxt,VaultXT,ios,impressions,2,apple_snapshot_discovery,2026-10-09T02:20:53+00:00
2026-06-03,APP-0001,quivra,Quivra,ios,impressions,2,apple_snapshot_discovery,2026-10-09T02:20:53+00:00
2026-06-03,APP-0002,tagweaver,TagWeaver,ios,impressions,29,apple_snapshot_discovery,2026-10-09T02:20:53+00:00
2026-06-03,APP-0002,tagweaver,TagWeaver,ios,store_visitors,3,apple_snapshot_discovery,2026-10-09T02:20:53+00:00
2026-06-03,APP-0003,vaultxt,VaultXT,ios,impressions,5,apple_snapshot_discovery,2026-10-09T02:20:53+00:00
2026-06-04,APP-0001,quivra,Quivra,ios,impressions,1,apple_snapshot_discovery,2026-10-09T02:20:53+00:00
2026-06-04,APP-0002,tagweaver,TagWeaver,ios,impressions,32,apple_snapshot_discovery,2026-10-09T02:20:53+00:00
2026-06-04,APP-0002,tagweaver,TagWeaver,ios,store_visitors,3,apple_snapshot_discovery,2026-10-09T02:20:53+00:00
2026-06-04,APP-0003,vaultxt,VaultXT,ios,impressions,5,apple_snapshot_discovery,2026-10-09T02:20:53+00:00
2026-06-05,APP-0001,quivra,Quivra,ios,impressions,3,apple_snapshot_discovery,2026-10-09T02:20:53+00:00
2026-06-05,APP-0001,quivra,Quivra,ios,store_visitors,3,apple_snapshot_discovery,2026-10-09T02:20:53+00:00
2026-06-05,APP-0002,tagweaver,TagWeaver,ios,impressions,25,apple_snapshot_discovery,2026-10-09T02:20:53+00:00
2026-06-05,APP-0002,tagweaver,TagWeaver,ios,store_visitors,3,apple_snapshot_discovery,2026-10-09T02:20:53+00:00
2026-06-05,APP-0003,vaultxt,VaultXT,ios,impressions,9,apple_snapshot_discovery,2026-10-09T02:20:53+00:00
2026-06-05,APP-0003,vaultxt,VaultXT,ios,store_visitors,1,apple_snapshot_discovery,2026-10-09T02:20:53+00:00
2026-06-06,APP-0002,tagweaver,TagWeaver,ios,impressions,18,apple_snapshot_discovery,2026-10-09T02:20:53+00:00
2026-06-06,APP-0002,tagweaver,TagWeaver,ios,store_visitors,2,apple_snapshot_discovery,2026-10-09T02:20:53+00:00
2026-06-06,APP-0003,vaultxt,VaultXT,ios,impressions,8,apple_snapshot_discovery,2026-10-09T02:20:53+00:00
2026-06-07,APP-0001,quivra,Quivra,ios,impressions,2,apple_snapshot_discovery,2026-10-09T02:20:53+00:00
2026-06-07,APP-0002,tagweaver,TagWeaver,ios,impressions,31,apple_snapshot_discovery,2026-10-09T02:20:53+00:00
2026-06-07,APP-0002,tagweaver,TagWeaver,ios,store_visitors,3,apple_snapshot_discovery,2026-10-09T02:20:53+00:00
2026-06-07,APP-0003,vaultxt,VaultXT,ios,impressions,7,apple_snapshot_discovery,2026-10-09T02:20:53+00:00
2026-06-08,APP-0001,quivra,Quivra,ios,impressions,1,apple_snapshot_discovery,2026-10-09T02:20:53+00:00
2026-06-08,APP-0002,tagweaver,TagWeaver,ios,impressions,18,apple_snapshot_discovery,2026-10-09T02:20:53+00:00
2026-06-08,APP-0003,vaultxt,VaultXT,ios,impressions,6,apple_snapshot_discovery,2026-10-09T02:20:53+00:00
2026-06-08,APP-0003,vaultxt,VaultXT,ios,store_visitors,2,apple_snapshot_discovery,2026-10-09T02:20:53+00:00
2026-06-09,APP-0001,quivra,Quivra,ios,impressions,1,apple_snapshot_discovery,2026-10-09T02:20:53+00:00
2026-06-09,APP-0002,tagweaver,TagWeaver,ios,impressions,23,apple_snapshot_discovery,2026-10-09T02:20:53+00:00
2026-06-09,APP-0003,vaultxt,VaultXT,ios,impressions,3,apple_snapshot_discovery,2026-10-09T02:20:53+00:00
2026-06-10,APP-0002,tagweaver,TagWeaver,ios,impressions,27,apple_snapshot_discovery,2026-10-09T02:20:53+00:00
2026-06-10,APP-0003,vaultxt,VaultXT,ios,impressions,1,apple_snapshot_discovery,2026-10-09T02:20:53+00:00
2026-06-11,APP-0001,quivra,Quivra,ios,impressions,1,apple_snapshot_discovery,2026-10-09T02:20:53+00:00
2026-06-11,APP-0002,tagweaver,TagWeaver,ios,impressions,57,apple_snapshot_discovery,2026-10-09T02:20:53+00:00
2026-06-11,APP-0002,tagweaver,TagWeaver,ios,purchases,1,apple_snapshot_purchases,2026-10-09T02:20:53+00:00
2026-06-11,APP-0002,tagweaver,TagWeaver,ios,store_visitors,7,apple_snapshot_discovery,2026-10-09T02:20:53+00:00
2026-06-11,APP-0003,vaultxt,VaultXT,ios,impressions,16,apple_snapshot_discovery,2026-10-09T02:20:53+00:00
2026-06-12,APP-0001,quivra,Quivra,ios,impressions,1,apple_snapshot_discovery,2026-10-09T02:20:53+00:00
2026-06-12,APP-0002,tagweaver,TagWeaver,ios,impressions,58,apple_snapshot_discovery,2026-10-09T02:20:53+00:00
2026-06-12,APP-0002,tagweaver,TagWeaver,ios,store_visitors,5,apple_snapshot_discovery,2026-10-09T02:20:53+00:00
2026-06-12,APP-0003,vaultxt,VaultXT,ios,impressions,11,apple_snapshot_discovery,2026-10-09T02:20:53+00:00
2026-06-12,APP-0003,vaultxt,VaultXT,ios,store_visitors,1,apple_snapshot_discovery,2026-10-09T02:20:53+00:00
2026-06-13,APP-0001,quivra,Quivra,ios,impressions,1,apple_snapshot_discovery,2026-10-09T02:20:53+00:00
2026-06-13,APP-0002,tagweaver,TagWeaver,ios,impressions,44,apple_snapshot_discovery,2026-10-09T02:20:53+00:00
2026-06-13,APP-0002,tagweaver,TagWeaver,ios,store_visitors,2,apple_snapshot_discovery,2026-10-09T02:20:53+00:00
2026-06-13,APP-0003,vaultxt,VaultXT,ios,impressions,8,apple_snapshot_discovery,2026-10-09T02:20:53+00:00
2026-06-14,APP-0001,quivra,Quivra,ios,impressions,4,apple_snapshot_discovery,2026-10-09T02:20:53+00:00
2026-06-14,APP-0002,tagweaver,TagWeaver,ios,impressions,44,apple_snapshot_discovery,2026-10-09T02:20:53+00:00
2026-06-14,APP-0002,tagweaver,TagWeaver,ios,store_visitors,3,apple_snapshot_discovery,2026-10-09T02:20:53+00:00
2026-06-14,APP-0003,vaultxt,VaultXT,ios,impressions,10,apple_snapshot_discovery,2026-10-09T02:20:53+00:00
2026-06-15,APP-0001,quivra,Quivra,ios,impressions,2,apple_snapshot_discovery,2026-10-09T02:20:53+00:00
2026-06-15,APP-0002,tagweaver,TagWeaver,ios,impressions,40,apple_snapshot_discovery,2026-10-09T02:20:53+00:00
2026-06-15,APP-0003,vaultxt,VaultXT,ios,impressions,15,apple_snapshot_discovery,2026-10-09T02:20:53+00:00
2026-06-16,APP-0001,quivra,Quivra,ios,store_visitors,1,apple_snapshot_discovery,2026-10-09T02:20:53+00:00
2026-06-16,APP-0002,tagweaver,TagWeaver,ios,impressions,40,apple_snapshot_discovery,2026-10-09T02:20:53+00:00
2026-06-16,APP-0002,tagweaver,TagWeaver,ios,store_visitors,1,apple_snapshot_discovery,2026-10-09T02:20:53+00:00
2026-06-16,APP-0003,vaultxt,VaultXT,ios,impressions,16,apple_snapshot_discovery,2026-10-09T02:20:53+00:00
2026-06-16,APP-0003,vaultxt,VaultXT,ios,store_visitors,1,apple_snapshot_discovery,2026-10-09T02:20:53+00:00
2026-06-17,APP-0001,quivra,Quivra,ios,impressions,2,apple_snapshot_discovery,2026-10-09T02:20:53+00:00
2026-06-17,APP-0002,tagweaver,TagWeaver,ios,impressions,65,apple_snapshot_discovery,2026-10-09T02:20:53+00:00
2026-06-17,APP-0002,tagweaver,TagWeaver,ios,store_visitors,3,apple_snapshot_discovery,2026-10-09T02:20:53+00:00
2026-06-17,APP-0003,vaultxt,VaultXT,ios,impressions,7,apple_snapshot_discovery,2026-10-09T02:20:53+00:00
2026-06-18,APP-0001,quivra,Quivra,ios,impressions,2,apple_snapshot_discovery,2026-10-09T02:20:53+00:00
2026-06-18,APP-0002,tagweaver,TagWeaver,ios,impressions,47,apple_snapshot_discovery,2026-10-09T02:20:53+00:00
2026-06-18,APP-0002,tagweaver,TagWeaver,ios,store_visitors,4,apple_snapshot_discovery,2026-10-09T02:20:53+00:00
2026-06-18,APP-0003,vaultxt,VaultXT,ios,impressions,17,apple_snapshot_discovery,2026-10-09T02:20:53+00:00
2026-06-19,APP-0002,tagweaver,TagWeaver,ios,impressions,41,apple_snapshot_discovery,2026-10-09T02:20:53+00:00
2026-06-19,APP-0002,tagweaver,TagWeaver,ios,store_visitors,1,apple_snapshot_discovery,2026-10-09T02:20:53+00:00
2026-06-19,APP-0003,vaultxt,VaultXT,ios,impressions,11,apple_snapshot_discovery,2026-10-09T02:20:53+00:00
2026-06-20,APP-0001,quivra,Quivra,ios,impressions,1,apple_snapshot_discovery,2026-10-09T02:20:53+00:00
2026-06-20,APP-0002,tagweaver,TagWeaver,ios,impressions,43,apple_snapshot_discovery,2026-10-09T02:20:53+00:00
2026-06-20,APP-0002,tagweaver,TagWeaver,ios,store_visitors,5,apple_snapshot_discovery,2026-10-09T02:20:53+00:00
2026-06-20,APP-0003,vaultxt,VaultXT,ios,impressions,16,apple_snapshot_discovery,2026-10-09T02:20:53+00:00
2026-06-20,APP-0003,vaultxt,VaultXT,ios,store_visitors,2,apple_snapshot_discovery,2026-10-09T02:20:53+00:00
2026-06-21,APP-0001,quivra,Quivra,ios,impressions,3,apple_snapshot_discovery,2026-10-09T02:20:53+00:00
2026-06-21,APP-0002,tagweaver,TagWeaver,ios,impressions,65,apple_snapshot_discovery,2026-10-09T02:20:53+00:00
2026-06-21,APP-0002,tagweaver,TagWeaver,ios,store_visitors,6,apple_snapshot_discovery,2026-10-09T02:20:53+00:00
2026-06-21,APP-0003,vaultxt,VaultXT,ios,impressions,19,apple_snapshot_discovery,2026-10-09T02:20:53+00:00
2026-06-22,APP-0001,quivra,Quivra,ios,impressions,3,apple_snapshot_discovery,2026-10-09T02:20:53+00:00
2026-06-22,APP-0002,tagweaver,TagWeaver,ios,impressions,53,apple_snapshot_discovery,2026-10-09T02:20:53+00:00
2026-06-22,APP-0002,tagweaver,TagWeaver,ios,store_visitors,4,apple_snapshot_discovery,2026-10-09T02:20:53+00:00
2026-06-22,APP-0003,vaultxt,VaultXT,ios,impressions,13,apple_snapshot_discovery,2026-10-09T02:20:53+00:00
2026-06-22,APP-0003,vaultxt,VaultXT,ios,store_visitors,1,apple_snapshot_discovery,2026-10-09T02:20:53+00:00
2026-06-23,APP-0002,tagweaver,TagWeaver,ios,impressions,47,apple_snapshot_discovery,2026-10-09T02:20:53+00:00
2026-06-23,APP-0002,tagweaver,TagWeaver,ios,store_visitors,2,apple_snapshot_discovery,2026-10-09T02:20:53+00:00
2026-06-23,APP-0003,vaultxt,VaultXT,ios,impressions,20,apple_snapshot_discovery,2026-10-09T02:20:53+00:00
2026-06-23,APP-0003,vaultxt,VaultXT,ios,store_visitors,3,apple_snapshot_discovery,2026-10-09T02:20:53+00:00
2026-06-24,APP-0001,quivra,Quivra,ios,impressions,3,apple_snapshot_discovery,2026-10-09T02:20:53+00:00
2026-06-24,APP-0002,tagweaver,TagWeaver,ios,impressions,55,apple_snapshot_discovery,2026-10-09T02:20:53+00:00
2026-06-24,APP-0002,tagweaver,TagWeaver,ios,purchases,1,apple_snapshot_purchases,2026-10-09T02:20:53+00:00
2026-06-24,APP-0002,tagweaver,TagWeaver,ios,store_visitors,1,apple_snapshot_discovery,2026-10-09T02:20:53+00:00
2026-06-24,APP-0003,vaultxt,VaultXT,ios,impressions,13,apple_snapshot_discovery,2026-10-09T02:20:53+00:00
2026-06-25,APP-0005,clipnest,ClipNest,ios,impressions,89,apple_snapshot_discovery,2026-10-09T02:20:53+00:00
2026-06-25,APP-0005,clipnest,ClipNest,ios,store_visitors,8,apple_snapshot_discovery,2026-10-09T02:20:53+00:00
2026-06-25,APP-0002,tagweaver,TagWeaver,ios,impressions,70,apple_snapshot_discovery,2026-10-09T02:20:53+00:00
2026-06-25,APP-0002,tagweaver,TagWeaver,ios,store_visitors,2,apple_snapshot_discovery,2026-10-09T02:20:53+00:00
2026-06-25,APP-0003,vaultxt,VaultXT,ios,impressions,33,apple_snapshot_discovery,2026-10-09T02:20:53+00:00
2026-06-26,APP-0005,clipnest,ClipNest,ios,impressions,184,apple_snapshot_discovery,2026-10-09T02:20:53+00:00
2026-06-26,APP-0005,clipnest,ClipNest,ios,store_visitors,7,apple_snapshot_discovery,2026-10-09T02:20:53+00:00
2026-06-26,APP-0001,quivra,Quivra,ios,impressions,1,apple_snapshot_discovery,2026-10-09T02:20:53+00:00
2026-06-26,APP-0002,tagweaver,TagWeaver,ios,impressions,76,apple_snapshot_discovery,2026-10-09T02:20:53+00:00
2026-06-26,APP-0002,tagweaver,TagWeaver,ios,store_visitors,5,apple_snapshot_discovery,2026-10-09T02:20:53+00:00
2026-06-26,APP-0003,vaultxt,VaultXT,ios,impressions,30,apple_snapshot_discovery,2026-10-09T02:20:53+00:00
2026-06-26,APP-0003,vaultxt,VaultXT,ios,store_visitors,3,apple_snapshot_discovery,2026-10-09T02:20:53+00:00
2026-06-27,APP-0005,clipnest,ClipNest,ios,impressions,30,apple_snapshot_discovery,2026-10-09T02:20:53+00:00
2026-06-27,APP-0005,clipnest,ClipNest,ios,store_visitors,1,apple_snapshot_discovery,2026-10-09T02:20:53+00:00
2026-06-27,APP-0001,quivra,Quivra,ios,impressions,2,apple_snapshot_discovery,2026-10-09T02:20:53+00:00
2026-06-27,APP-0002,tagweaver,TagWeaver,ios,impressions,44,apple_snapshot_discovery,2026-10-09T02:20:53+00:00
2026-06-27,APP-0003,vaultxt,VaultXT,ios,impressions,10,apple_snapshot_discovery,2026-10-09T02:20:53+00:00
2026-06-28,APP-0005,clipnest,ClipNest,ios,impressions,218,apple_snapshot_discovery,2026-10-09T02:20:53+00:00
2026-06-28,APP-0005,clipnest,ClipNest,ios,store_visitors,19,apple_snapshot_discovery,2026-10-09T02:20:53+00:00
2026-06-28,APP-0001,quivra,Quivra,ios,impressions,7,apple_snapshot_discovery,2026-10-09T02:20:53+00:00
2026-06-28,APP-0001,quivra,Quivra,ios,store_visitors,2,apple_snapshot_discovery,2026-10-09T02:20:53+00:00
2026-06-28,APP-0002,tagweaver,TagWeaver,ios,impressions,37,apple_snapshot_discovery,2026-10-09T02:20:53+00:00
2026-06-28,APP-0002,tagweaver,TagWeaver,ios,store_visitors,25,apple_snapshot_discovery,2026-10-09T02:20:53+00:00
2026-06-28,APP-0003,vaultxt,VaultXT,ios,impressions,31,apple_snapshot_discovery,2026-10-09T02:20:53+00:00
2026-06-28,APP-0003,vaultxt,VaultXT,ios,store_visitors,6,apple_snapshot_discovery,2026-10-09T02:20:53+00:00
2026-06-29,APP-0005,clipnest,ClipNest,ios,impressions,117,apple_snapshot_discovery,2026-10-09T02:20:53+00:00
2026-06-29,APP-0005,clipnest,ClipNest,ios,store_visitors,9,apple_snapshot_discovery,2026-10-09T02:20:53+00:00
2026-06-29,APP-0002,tagweaver,TagWeaver,ios,impressions,57,apple_snapshot_discovery,2026-10-09T02:20:53+00:00
2026-06-29,APP-0002,tagweaver,TagWeaver,ios,store_visitors,6,apple_snapshot_discovery,2026-10-09T02:20:53+00:00
2026-06-29,APP-0003,vaultxt,VaultXT,ios,impressions,8,apple_snapshot_discovery,2026-10-09T02:20:53+00:00
2026-06-29,APP-0003,vaultxt,VaultXT,ios,store_visitors,1,apple_snapshot_discovery,2026-10-09T02:20:53+00:00
2026-06-30,APP-0006,aligna,Aligna,ios,impressions,236,apple_snapshot_discovery,2026-10-09T02:20:53+00:00
2026-06-30,APP-0006,aligna,Aligna,ios,store_visitors,1,apple_snapshot_discovery,2026-10-09T02:20:53+00:00
2026-06-30,APP-0005,clipnest,ClipNest,ios,impressions,7,apple_snapshot_discovery,2026-10-09T02:20:53+00:00
2026-06-30,APP-0002,tagweaver,TagWeaver,ios,impressions,64,apple_snapshot_discovery,2026-10-09T02:20:53+00:00
2026-06-30,APP-0002,tagweaver,TagWeaver,ios,store_visitors,1,apple_snapshot_discovery,2026-10-09T02:20:53+00:00
2026-06-30,APP-0003,vaultxt,VaultXT,ios,impressions,2,apple_snapshot_discovery,2026-10-09T02:20:53+00:00
2026-07-01,APP-0006,aligna,Aligna,ios,impressions,50,apple_snapshot_discovery,2026-10-09T02:20:53+00:00
2026-07-01,APP-0006,aligna,Aligna,ios,store_visitors,4,apple_snapshot_discovery,2026-10-09T02:20:53+00:00
2026-07-01,APP-0005,clipnest,ClipNest,ios,impressions,14,apple_snapshot_discovery,2026-10-09T02:20:53+00:00
2026-07-01,APP-0005,clipnest,ClipNest,ios,store_visitors,6,apple_snapshot_discovery,2026-10-09T02:20:53+00:00
2026-07-01,APP-0001,quivra,Quivra,android,installs,0,google_store_performance,2026-10-09T02:20:53+00:00
2026-07-01,APP-0001,quivra,Quivra,android,store_visitors,1,google_store_performance,2026-10-09T02:20:53+00:00
2026-07-01,APP-0001,quivra,Quivra,ios,impressions,2,apple_snapshot_discovery,2026-10-09T02:20:53+00:00
2026-07-01,APP-0001,quivra,Quivra,ios,store_visitors,2,apple_snapshot_discovery,2026-10-09T02:20:53+00:00
2026-07-01,APP-0004,segra,Segra,android,installs,0,google_store_performance,2026-10-09T02:20:53+00:00
2026-07-01,APP-0004,segra,Segra,android,store_visitors,2,google_store_performance,2026-10-09T02:20:53+00:00
2026-07-01,APP-0004,segra,Segra,ios,impressions,206,apple_snapshot_discovery,2026-10-09T02:20:53+00:00
2026-07-01,APP-0004,segra,Segra,ios,store_visitors,3,apple_snapshot_discovery,2026-10-09T02:20:53+00:00
2026-07-01,APP-0002,tagweaver,TagWeaver,android,installs,0,google_store_performance,2026-10-09T02:20:53+00:00
2026-07-01,APP-0002,tagweaver,TagWeaver,android,store_visitors,0,google_store_performance,2026-10-09T02:20:53+00:00
2026-07-01,APP-0002,tagweaver,TagWeaver,ios,impressions,110,apple_snapshot_discovery,2026-10-09T02:20:53+00:00
2026-07-01,APP-0002,tagweaver,TagWeaver,ios,store_visitors,8,apple_snapshot_discovery,2026-10-09T02:20:53+00:00
2026-07-01,APP-0003,vaultxt,VaultXT,android,installs,0,google_store_performance,2026-10-09T02:20:53+00:00
2026-07-01,APP-0003,vaultxt,VaultXT,android,store_visitors,0,google_store_performance,2026-10-09T02:20:53+00:00
2026-07-01,APP-0003,vaultxt,VaultXT,ios,impressions,4,apple_snapshot_discovery,2026-10-09T02:20:53+00:00
2026-07-02,APP-0006,aligna,Aligna,ios,impressions,35,apple_snapshot_discovery,2026-10-09T02:20:53+00:00
2026-07-02,APP-0006,aligna,Aligna,ios,store_visitors,3,apple_snapshot_discovery,2026-10-09T02:20:53+00:00
2026-07-02,APP-0005,clipnest,ClipNest,ios,impressions,6,apple_snapshot_discovery,2026-10-09T02:20:53+00:00
2026-07-02,APP-0001,quivra,Quivra,android,installs,0,google_store_performance,2026-10-09T02:20:53+00:00
2026-07-02,APP-0001,quivra,Quivra,android,store_visitors,1,google_store_performance,2026-10-09T02:20:53+00:00
2026-07-02,APP-0001,quivra,Quivra,ios,impressions,1,apple_snapshot_discovery,2026-10-09T02:20:53+00:00
2026-07-02,APP-0004,segra,Segra,ios,impressions,56,apple_snapshot_discovery,2026-10-09T02:20:53+00:00
2026-07-02,APP-0004,segra,Segra,ios,store_visitors,4,apple_snapshot_discovery,2026-10-09T02:20:53+00:00
2026-07-02,APP-0002,tagweaver,TagWeaver,android,installs,0,google_store_performance,2026-10-09T02:20:53+00:00
2026-07-02,APP-0002,tagweaver,TagWeaver,android,store_visitors,0,google_store_performance,2026-10-09T02:20:53+00:00
2026-07-02,APP-0002,tagweaver,TagWeaver,ios,impressions,93,apple_snapshot_discovery,2026-10-09T02:20:53+00:00
2026-07-02,APP-0003,vaultxt,VaultXT,android,installs,0,google_store_performance,2026-10-09T02:20:53+00:00
2026-07-02,APP-0003,vaultxt,VaultXT,android,store_visitors,0,google_store_performance,2026-10-09T02:20:53+00:00
2026-07-02,APP-0003,vaultxt,VaultXT,ios,impressions,8,apple_snapshot_discovery,2026-10-09T02:20:53+00:00
2026-07-03,APP-0006,aligna,Aligna,ios,impressions,22,apple_snapshot_discovery,2026-10-09T02:20:53+00:00
2026-07-03,APP-0005,clipnest,ClipNest,ios,impressions,8,apple_snapshot_discovery,2026-10-09T02:20:53+00:00
2026-07-03,APP-0005,clipnest,ClipNest,ios,store_visitors,4,apple_snapshot_discovery,2026-10-09T02:20:53+00:00
2026-07-03,APP-0001,quivra,Quivra,android,installs,0,google_store_performance,2026-10-09T02:20:53+00:00
2026-07-03,APP-0001,quivra,Quivra,android,store_visitors,1,google_store_performance,2026-10-09T02:20:53+00:00
2026-07-03,APP-0001,quivra,Quivra,ios,impressions,2,apple_snapshot_discovery,2026-10-09T02:20:53+00:00
2026-07-03,APP-0004,segra,Segra,android,installs,0,google_store_performance,2026-10-09T02:20:53+00:00
2026-07-03,APP-0004,segra,Segra,android,store_visitors,0,google_store_performance,2026-10-09T02:20:53+00:00
2026-07-03,APP-0004,segra,Segra,ios,impressions,26,apple_snapshot_discovery,2026-10-09T02:20:53+00:00
2026-07-03,APP-0004,segra,Segra,ios,store_visitors,4,apple_snapshot_discovery,2026-10-09T02:20:53+00:00
2026-07-03,APP-0002,tagweaver,TagWeaver,android,installs,0,google_store_performance,2026-10-09T02:20:53+00:00
2026-07-03,APP-0002,tagweaver,TagWeaver,android,store_visitors,0,google_store_performance,2026-10-09T02:20:53+00:00
2026-07-03,APP-0002,tagweaver,TagWeaver,ios,impressions,76,apple_snapshot_discovery,2026-10-09T02:20:53+00:00
2026-07-03,APP-0002,tagweaver,TagWeaver,ios,purchases,1,apple_snapshot_purchases,2026-10-09T02:20:53+00:00
2026-07-03,APP-0002,tagweaver,TagWeaver,ios,store_visitors,3,apple_snapshot_discovery,2026-10-09T02:20:53+00:00
2026-07-03,APP-0003,vaultxt,VaultXT,ios,impressions,7,apple_snapshot_discovery,2026-10-09T02:20:53+00:00
2026-07-04,APP-0006,aligna,Aligna,ios,impressions,20,apple_snapshot_discovery,2026-10-09T02:20:53+00:00
2026-07-04,APP-0005,clipnest,ClipNest,ios,impressions,22,apple_snapshot_discovery,2026-10-09T02:20:53+00:00
2026-07-04,APP-0005,clipnest,ClipNest,ios,store_visitors,1,apple_snapshot_discovery,2026-10-09T02:20:53+00:00
2026-07-04,APP-0001,quivra,Quivra,android,installs,0,google_store_performance,2026-10-09T02:20:53+00:00
2026-07-04,APP-0001,quivra,Quivra,android,store_visitors,3,google_store_performance,2026-10-09T02:20:53+00:00
2026-07-04,APP-0001,quivra,Quivra,ios,impressions,1,apple_snapshot_discovery,2026-10-09T02:20:53+00:00
2026-07-04,APP-0004,segra,Segra,android,installs,0,google_store_performance,2026-10-09T02:20:53+00:00
2026-07-04,APP-0004,segra,Segra,android,store_visitors,1,google_store_performance,2026-10-09T02:20:53+00:00
2026-07-04,APP-0004,segra,Segra,ios,impressions,14,apple_snapshot_discovery,2026-10-09T02:20:53+00:00
2026-07-04,APP-0004,segra,Segra,ios,store_visitors,2,apple_snapshot_discovery,2026-10-09T02:20:53+00:00
2026-07-04,APP-0002,tagweaver,TagWeaver,android,installs,0,google_store_performance,2026-10-09T02:20:53+00:00
2026-07-04,APP-0002,tagweaver,TagWeaver,android,store_visitors,0,google_store_performance,2026-10-09T02:20:53+00:00
2026-07-04,APP-0002,tagweaver,TagWeaver,ios,impressions,74,apple_snapshot_discovery,2026-10-09T02:20:53+00:00
2026-07-04,APP-0002,tagweaver,TagWeaver,ios,store_visitors,5,apple_snapshot_discovery,2026-10-09T02:20:53+00:00
2026-07-04,APP-0003,vaultxt,VaultXT,android,installs,0,google_store_performance,2026-10-09T02:20:53+00:00
2026-07-04,APP-0003,vaultxt,VaultXT,android,store_visitors,3,google_store_performance,2026-10-09T02:20:53+00:00
2026-07-04,APP-0003,vaultxt,VaultXT,ios,impressions,1,apple_snapshot_discovery,2026-10-09T02:20:53+00:00
2026-07-05,APP-0006,aligna,Aligna,ios,impressions,24,apple_snapshot_discovery,2026-10-09T02:20:53+00:00
2026-07-05,APP-0006,aligna,Aligna,ios,store_visitors,4,apple_snapshot_discovery,2026-10-09T02:20:53+00:00
2026-07-05,APP-0005,clipnest,ClipNest,ios,impressions,4,apple_snapshot_discovery,2026-10-09T02:20:53+00:00
2026-07-05,APP-0001,quivra,Quivra,android,installs,0,google_store_performance,2026-10-09T02:20:53+00:00
2026-07-05,APP-0001,quivra,Quivra,android,store_visitors,2,google_store_performance,2026-10-09T02:20:53+00:00
2026-07-05,APP-0001,quivra,Quivra,ios,impressions,2,apple_snapshot_discovery,2026-10-09T02:20:53+00:00
2026-07-05,APP-0004,segra,Segra,android,installs,0,google_store_performance,2026-10-09T02:20:53+00:00
2026-07-05,APP-0004,segra,Segra,android,store_visitors,1,google_store_performance,2026-10-09T02:20:53+00:00
2026-07-05,APP-0004,segra,Segra,ios,impressions,24,apple_snapshot_discovery,2026-10-09T02:20:53+00:00
2026-07-05,APP-0004,segra,Segra,ios,store_visitors,3,apple_snapshot_discovery,2026-10-09T02:20:53+00:00
2026-07-05,APP-0002,tagweaver,TagWeaver,android,installs,0,google_store_performance,2026-10-09T02:20:53+00:00
2026-07-05,APP-0002,tagweaver,TagWeaver,android,store_visitors,0,google_store_performance,2026-10-09T02:20:53+00:00
2026-07-05,APP-0002,tagweaver,TagWeaver,ios,impressions,68,apple_snapshot_discovery,2026-10-09T02:20:53+00:00
2026-07-05,APP-0002,tagweaver,TagWeaver,ios,store_visitors,5,apple_snapshot_discovery,2026-10-09T02:20:53+00:00
2026-07-05,APP-0003,vaultxt,VaultXT,android,installs,0,google_store_performance,2026-10-09T02:20:53+00:00
2026-07-05,APP-0003,vaultxt,VaultXT,android,store_visitors,0,google_store_performance,2026-10-09T02:20:53+00:00
2026-07-05,APP-0003,vaultxt,VaultXT,ios,impressions,8,apple_snapshot_discovery,2026-10-09T02:20:53+00:00
2026-07-06,APP-0006,aligna,Aligna,ios,impressions,12,apple_snapshot_discovery,2026-10-09T02:20:53+00:00
2026-07-06,APP-0005,clipnest,ClipNest,ios,impressions,4,apple_snapshot_discovery,2026-10-09T02:20:53+00:00
2026-07-06,APP-0001,quivra,Quivra,ios,impressions,1,apple_snapshot_discovery,2026-10-09T02:20:53+00:00
2026-07-06,APP-0004,segra,Segra,android,installs,0,google_store_performance,2026-10-09T02:20:53+00:00
2026-07-06,APP-0004,segra,Segra,android,store_visitors,0,google_store_performance,2026-10-09T02:20:53+00:00
2026-07-06,APP-0004,segra,Segra,ios,impressions,18,apple_snapshot_discovery,2026-10-09T02:20:53+00:00
2026-07-06,APP-0002,tagweaver,TagWeaver,android,installs,0,google_store_performance,2026-10-09T02:20:53+00:00
2026-07-06,APP-0002,tagweaver,TagWeaver,android,store_visitors,0,google_store_performance,2026-10-09T02:20:53+00:00
2026-07-06,APP-0002,tagweaver,TagWeaver,ios,impressions,80,apple_snapshot_discovery,2026-10-09T02:20:53+00:00
2026-07-06,APP-0002,tagweaver,TagWeaver,ios,store_visitors,4,apple_snapshot_discovery,2026-10-09T02:20:53+00:00
2026-07-06,APP-0003,vaultxt,VaultXT,android,installs,0,google_store_performance,2026-10-09T02:20:53+00:00
2026-07-06,APP-0003,vaultxt,VaultXT,android,store_visitors,0,google_store_performance,2026-10-09T02:20:53+00:00
2026-07-06,APP-0003,vaultxt,VaultXT,ios,impressions,6,apple_snapshot_discovery,2026-10-09T02:20:53+00:00
2026-07-07,APP-0006,aligna,Aligna,ios,impressions,7,apple_snapshot_discovery,2026-10-09T02:20:53+00:00
2026-07-07,APP-0006,aligna,Aligna,ios,store_visitors,1,apple_snapshot_discovery,2026-10-09T02:20:53+00:00
2026-07-07,APP-0005,clipnest,ClipNest,ios,store_visitors,2,apple_snapshot_discovery,2026-10-09T02:20:53+00:00
2026-07-07,APP-0001,quivra,Quivra,ios,impressions,1,apple_snapshot_discovery,2026-10-09T02:20:53+00:00
2026-07-07,APP-0004,segra,Segra,android,installs,0,google_store_performance,2026-10-09T02:20:53+00:00
2026-07-07,APP-0004,segra,Segra,android,store_visitors,2,google_store_performance,2026-10-09T02:20:53+00:00
2026-07-07,APP-0004,segra,Segra,ios,impressions,11,apple_snapshot_discovery,2026-10-09T02:20:53+00:00
2026-07-07,APP-0002,tagweaver,TagWeaver,android,installs,0,google_store_performance,2026-10-09T02:20:53+00:00
2026-07-07,APP-0002,tagweaver,TagWeaver,android,store_visitors,0,google_store_performance,2026-10-09T02:20:53+00:00
2026-07-07,APP-0002,tagweaver,TagWeaver,ios,impressions,54,apple_snapshot_discovery,2026-10-09T02:20:53+00:00
2026-07-07,APP-0002,tagweaver,TagWeaver,ios,store_visitors,3,apple_snapshot_discovery,2026-10-09T02:20:53+00:00
2026-07-07,APP-0003,vaultxt,VaultXT,ios,impressions,11,apple_snapshot_discovery,2026-10-09T02:20:53+00:00
2026-07-07,APP-0003,vaultxt,VaultXT,ios,store_visitors,3,apple_snapshot_discovery,2026-10-09T02:20:53+00:00
2026-07-08,APP-0006,aligna,Aligna,ios,impressions,14,apple_snapshot_discovery,2026-10-09T02:20:53+00:00
2026-07-08,APP-0006,aligna,Aligna,ios,store_visitors,4,apple_snapshot_discovery,2026-10-09T02:20:53+00:00
2026-07-08,APP-0005,clipnest,ClipNest,ios,impressions,10,apple_snapshot_discovery,2026-10-09T02:20:53+00:00
2026-07-08,APP-0004,segra,Segra,ios,impressions,6,apple_snapshot_discovery,2026-10-09T02:20:53+00:00
2026-07-08,APP-0002,tagweaver,TagWeaver,android,installs,0,google_store_performance,2026-10-09T02:20:53+00:00
2026-07-08,APP-0002,tagweaver,TagWeaver,android,store_visitors,0,google_store_performance,2026-10-09T02:20:53+00:00
2026-07-08,APP-0002,tagweaver,TagWeaver,ios,impressions,70,apple_snapshot_discovery,2026-10-09T02:20:53+00:00
2026-07-08,APP-0002,tagweaver,TagWeaver,ios,store_visitors,6,apple_snapshot_discovery,2026-10-09T02:20:53+00:00
2026-07-08,APP-0003,vaultxt,VaultXT,android,installs,0,google_store_performance,2026-10-09T02:20:53+00:00
2026-07-08,APP-0003,vaultxt,VaultXT,android,store_visitors,0,google_store_performance,2026-10-09T02:20:53+00:00
2026-07-08,APP-0003,vaultxt,VaultXT,ios,impressions,7,apple_snapshot_discovery,2026-10-09T02:20:53+00:00
2026-07-08,APP-0003,vaultxt,VaultXT,ios,store_visitors,1,apple_snapshot_discovery,2026-10-09T02:20:53+00:00
2026-07-09,APP-0006,aligna,Aligna,ios,impressions,7,apple_snapshot_discovery,2026-10-09T02:20:53+00:00
2026-07-09,APP-0005,clipnest,ClipNest,ios,impressions,3,apple_snapshot_discovery,2026-10-09T02:20:53+00:00
2026-07-09,APP-0005,clipnest,ClipNest,ios,store_visitors,2,apple_snapshot_discovery,2026-10-09T02:20:53+00:00
2026-07-09,APP-0001,quivra,Quivra,android,installs,0,google_store_performance,2026-10-09T02:20:53+00:00
2026-07-09,APP-0001,quivra,Quivra,android,store_visitors,2,google_store_performance,2026-10-09T02:20:53+00:00
2026-07-09,APP-0001,quivra,Quivra,ios,impressions,2,apple_snapshot_discovery,2026-10-09T02:20:53+00:00
2026-07-09,APP-0004,segra,Segra,ios,impressions,6,apple_snapshot_discovery,2026-10-09T02:20:53+00:00
2026-07-09,APP-0002,tagweaver,TagWeaver,android,installs,0,google_store_performance,2026-10-09T02:20:53+00:00
2026-07-09,APP-0002,tagweaver,TagWeaver,android,store_visitors,0,google_store_performance,2026-10-09T02:20:53+00:00
2026-07-09,APP-0002,tagweaver,TagWeaver,ios,impressions,39,apple_snapshot_discovery,2026-10-09T02:20:53+00:00
2026-07-09,APP-0002,tagweaver,TagWeaver,ios,store_visitors,3,apple_snapshot_discovery,2026-10-09T02:20:53+00:00
2026-07-09,APP-0003,vaultxt,VaultXT,android,installs,0,google_store_performance,2026-10-09T02:20:53+00:00
2026-07-09,APP-0003,vaultxt,VaultXT,android,store_visitors,0,google_store_performance,2026-10-09T02:20:53+00:00
2026-07-09,APP-0003,vaultxt,VaultXT,ios,impressions,5,apple_snapshot_discovery,2026-10-09T02:20:53+00:00
2026-07-10,APP-0006,aligna,Aligna,ios,impressions,9,apple_snapshot_discovery,2026-10-09T02:20:53+00:00
2026-07-10,APP-0006,aligna,Aligna,ios,store_visitors,3,apple_snapshot_discovery,2026-10-09T02:20:53+00:00
2026-07-10,APP-0005,clipnest,ClipNest,ios,impressions,4,apple_snapshot_discovery,2026-10-09T02:20:53+00:00
2026-07-10,APP-0005,clipnest,ClipNest,ios,store_visitors,1,apple_snapshot_discovery,2026-10-09T02:20:53+00:00
2026-07-10,APP-0001,quivra,Quivra,android,installs,0,google_store_performance,2026-10-09T02:20:53+00:00
2026-07-10,APP-0001,quivra,Quivra,android,store_visitors,2,google_store_performance,2026-10-09T02:20:53+00:00
2026-07-10,APP-0001,quivra,Quivra,ios,impressions,1,apple_snapshot_discovery,2026-10-09T02:20:53+00:00
2026-07-10,APP-0004,segra,Segra,android,installs,0,google_store_performance,2026-10-09T02:20:53+00:00
2026-07-10,APP-0004,segra,Segra,android,store_visitors,1,google_store_performance,2026-10-09T02:20:53+00:00
2026-07-10,APP-0004,segra,Segra,ios,impressions,1,apple_snapshot_discovery,2026-10-09T02:20:53+00:00
2026-07-10,APP-0002,tagweaver,TagWeaver,android,installs,0,google_store_performance,2026-10-09T02:20:53+00:00
2026-07-10,APP-0002,tagweaver,TagWeaver,android,store_visitors,0,google_store_performance,2026-10-09T02:20:53+00:00
2026-07-10,APP-0002,tagweaver,TagWeaver,ios,impressions,46,apple_snapshot_discovery,2026-10-09T02:20:53+00:00
2026-07-10,APP-0003,vaultxt,VaultXT,android,installs,0,google_store_performance,2026-10-09T02:20:53+00:00
2026-07-10,APP-0003,vaultxt,VaultXT,android,store_visitors,0,google_store_performance,2026-10-09T02:20:53+00:00
2026-07-10,APP-0003,vaultxt,VaultXT,ios,impressions,9,apple_snapshot_discovery,2026-10-09T02:20:53+00:00
2026-07-10,APP-0003,vaultxt,VaultXT,ios,store_visitors,2,apple_snapshot_discovery,2026-10-09T02:20:53+00:00
2026-07-11,APP-0006,aligna,Aligna,android,installs,0,google_store_performance,2026-10-09T02:20:53+00:00
2026-07-11,APP-0006,aligna,Aligna,android,store_visitors,2,google_store_performance,2026-10-09T02:20:53+00:00
2026-07-11,APP-0006,aligna,Aligna,ios,impressions,12,apple_snapshot_discovery,2026-10-09T02:20:53+00:00
2026-07-11,APP-0006,aligna,Aligna,ios,store_visitors,3,apple_snapshot_discovery,2026-10-09T02:20:53+00:00
2026-07-11,APP-0005,clipnest,ClipNest,ios,impressions,2,apple_snapshot_discovery,2026-10-09T02:20:53+00:00
2026-07-11,APP-0001,quivra,Quivra,android,installs,0,google_store_performance,2026-10-09T02:20:53+00:00
2026-07-11,APP-0001,quivra,Quivra,android,store_visitors,1,google_store_performance,2026-10-09T02:20:53+00:00
2026-07-11,APP-0001,quivra,Quivra,ios,impressions,3,apple_snapshot_discovery,2026-10-09T02:20:53+00:00
2026-07-11,APP-0004,segra,Segra,android,installs,0,google_store_performance,2026-10-09T02:20:53+00:00
2026-07-11,APP-0004,segra,Segra,android,store_visitors,1,google_store_performance,2026-10-09T02:20:53+00:00
2026-07-11,APP-0004,segra,Segra,ios,impressions,6,apple_snapshot_discovery,2026-10-09T02:20:53+00:00
2026-07-11,APP-0002,tagweaver,TagWeaver,android,installs,0,google_store_performance,2026-10-09T02:20:53+00:00
2026-07-11,APP-0002,tagweaver,TagWeaver,android,store_visitors,0,google_store_performance,2026-10-09T02:20:53+00:00
2026-07-11,APP-0002,tagweaver,TagWeaver,ios,impressions,72,apple_snapshot_discovery,2026-10-09T02:20:53+00:00
2026-07-11,APP-0002,tagweaver,TagWeaver,ios,store_visitors,8,apple_snapshot_discovery,2026-10-09T02:20:53+00:00
2026-07-11,APP-0003,vaultxt,VaultXT,android,installs,0,google_store_performance,2026-10-09T02:20:53+00:00
2026-07-11,APP-0003,vaultxt,VaultXT,android,store_visitors,0,google_store_performance,2026-10-09T02:20:53+00:00
2026-07-11,APP-0003,vaultxt,VaultXT,ios,impressions,8,apple_snapshot_discovery,2026-10-09T02:20:53+00:00
2026-07-11,APP-0003,vaultxt,VaultXT,ios,purchases,1,apple_snapshot_purchases,2026-10-09T02:20:53+00:00
2026-07-11,APP-0003,vaultxt,VaultXT,ios,store_visitors,1,apple_snapshot_discovery,2026-10-09T02:20:53+00:00
2026-07-12,APP-0006,aligna,Aligna,android,installs,0,google_store_performance,2026-10-09T02:20:53+00:00
2026-07-12,APP-0006,aligna,Aligna,android,store_visitors,2,google_store_performance,2026-10-09T02:20:53+00:00
2026-07-12,APP-0006,aligna,Aligna,ios,impressions,20,apple_snapshot_discovery,2026-10-09T02:20:53+00:00
2026-07-12,APP-0006,aligna,Aligna,ios,purchases,1,apple_snapshot_purchases,2026-10-09T02:20:53+00:00
2026-07-12,APP-0006,aligna,Aligna,ios,store_visitors,4,apple_snapshot_discovery,2026-10-09T02:20:53+00:00
2026-07-12,APP-0005,clipnest,ClipNest,ios,impressions,9,apple_snapshot_discovery,2026-10-09T02:20:53+00:00
2026-07-12,APP-0001,quivra,Quivra,ios,impressions,3,apple_snapshot_discovery,2026-10-09T02:20:53+00:00
2026-07-12,APP-0004,segra,Segra,android,installs,0,google_store_performance,2026-10-09T02:20:53+00:00
2026-07-12,APP-0004,segra,Segra,android,store_visitors,1,google_store_performance,2026-10-09T02:20:53+00:00
2026-07-12,APP-0004,segra,Segra,ios,impressions,20,apple_snapshot_discovery,2026-10-09T02:20:53+00:00
2026-07-12,APP-0004,segra,Segra,ios,store_visitors,1,apple_snapshot_discovery,2026-10-09T02:20:53+00:00
2026-07-12,APP-0002,tagweaver,TagWeaver,android,installs,0,google_store_performance,2026-10-09T02:20:53+00:00
2026-07-12,APP-0002,tagweaver,TagWeaver,android,store_visitors,0,google_store_performance,2026-10-09T02:20:53+00:00
2026-07-12,APP-0002,tagweaver,TagWeaver,ios,impressions,65,apple_snapshot_discovery,2026-10-09T02:20:53+00:00
2026-07-12,APP-0002,tagweaver,TagWeaver,ios,store_visitors,4,apple_snapshot_discovery,2026-10-09T02:20:53+00:00
2026-07-12,APP-0003,vaultxt,VaultXT,android,installs,0,google_store_performance,2026-10-09T02:20:53+00:00
2026-07-12,APP-0003,vaultxt,VaultXT,android,store_visitors,0,google_store_performance,2026-10-09T02:20:53+00:00
2026-07-12,APP-0003,vaultxt,VaultXT,ios,impressions,3,apple_snapshot_discovery,2026-10-09T02:20:53+00:00
2026-07-13,APP-0006,aligna,Aligna,android,installs,0,google_store_performance,2026-10-09T02:20:53+00:00
2026-07-13,APP-0006,aligna,Aligna,android,store_visitors,1,google_store_performance,2026-10-09T02:20:53+00:00
2026-07-13,APP-0006,aligna,Aligna,ios,impressions,13,apple_snapshot_discovery,2026-10-09T02:20:53+00:00
2026-07-13,APP-0006,aligna,Aligna,ios,store_visitors,1,apple_snapshot_discovery,2026-10-09T02:20:53+00:00
2026-07-13,APP-0005,clipnest,ClipNest,ios,impressions,7,apple_snapshot_discovery,2026-10-09T02:20:53+00:00
2026-07-13,APP-0004,segra,Segra,ios,impressions,25,apple_snapshot_discovery,2026-10-09T02:20:53+00:00
2026-07-13,APP-0002,tagweaver,TagWeaver,android,installs,0,google_store_performance,2026-10-09T02:20:53+00:00
2026-07-13,APP-0002,tagweaver,TagWeaver,android,store_visitors,0,google_store_performance,2026-10-09T02:20:53+00:00
2026-07-13,APP-0002,tagweaver,TagWeaver,ios,impressions,68,apple_snapshot_discovery,2026-10-09T02:20:53+00:00
2026-07-13,APP-0002,tagweaver,TagWeaver,ios,store_visitors,4,apple_snapshot_discovery,2026-10-09T02:20:53+00:00
2026-07-13,APP-0003,vaultxt,VaultXT,android,installs,0,google_store_performance,2026-10-09T02:20:53+00:00
2026-07-13,APP-0003,vaultxt,VaultXT,android,store_visitors,0,google_store_performance,2026-10-09T02:20:53+00:00
2026-07-13,APP-0003,vaultxt,VaultXT,ios,impressions,12,apple_snapshot_discovery,2026-10-09T02:20:53+00:00
2026-07-13,APP-0003,vaultxt,VaultXT,ios,store_visitors,1,apple_snapshot_discovery,2026-10-09T02:20:53+00:00
2026-07-14,APP-0006,aligna,Aligna,android,installs,0,google_store_performance,2026-10-09T02:20:53+00:00
2026-07-14,APP-0006,aligna,Aligna,android,store_visitors,0,google_store_performance,2026-10-09T02:20:53+00:00
2026-07-14,APP-0006,aligna,Aligna,ios,impressions,21,apple_snapshot_discovery,2026-10-09T02:20:53+00:00
2026-07-14,APP-0006,aligna,Aligna,ios,store_visitors,1,apple_snapshot_discovery,2026-10-09T02:20:53+00:00
2026-07-14,APP-0005,clipnest,ClipNest,ios,impressions,3,apple_snapshot_discovery,2026-10-09T02:20:53+00:00
2026-07-14,APP-0004,segra,Segra,android,installs,0,google_store_performance,2026-10-09T02:20:53+00:00
2026-07-14,APP-0004,segra,Segra,android,store_visitors,1,google_store_performance,2026-10-09T02:20:53+00:00
2026-07-14,APP-0004,segra,Segra,ios,impressions,18,apple_snapshot_discovery,2026-10-09T02:20:53+00:00
2026-07-14,APP-0002,tagweaver,TagWeaver,android,installs,0,google_store_performance,2026-10-09T02:20:53+00:00
2026-07-14,APP-0002,tagweaver,TagWeaver,android,store_visitors,0,google_store_performance,2026-10-09T02:20:53+00:00
2026-07-14,APP-0002,tagweaver,TagWeaver,ios,impressions,52,apple_snapshot_discovery,2026-10-09T02:20:53+00:00
2026-07-14,APP-0002,tagweaver,TagWeaver,ios,store_visitors,2,apple_snapshot_discovery,2026-10-09T02:20:53+00:00
2026-07-14,APP-0003,vaultxt,VaultXT,android,installs,0,google_store_performance,2026-10-09T02:20:53+00:00
2026-07-14,APP-0003,vaultxt,VaultXT,android,store_visitors,0,google_store_performance,2026-10-09T02:20:53+00:00
2026-07-14,APP-0003,vaultxt,VaultXT,ios,impressions,1,apple_snapshot_discovery,2026-10-09T02:20:53+00:00
2026-07-15,APP-0006,aligna,Aligna,android,installs,0,google_store_performance,2026-10-09T02:20:53+00:00
2026-07-15,APP-0006,aligna,Aligna,android,store_visitors,0,google_store_performance,2026-10-09T02:20:53+00:00
2026-07-15,APP-0006,aligna,Aligna,ios,impressions,7,apple_snapshot_discovery,2026-10-09T02:20:53+00:00
2026-07-15,APP-0005,clipnest,ClipNest,ios,impressions,4,apple_snapshot_discovery,2026-10-09T02:20:53+00:00
2026-07-15,APP-0001,quivra,Quivra,android,installs,0,google_store_performance,2026-10-09T02:20:53+00:00
2026-07-15,APP-0001,quivra,Quivra,android,store_visitors,1,google_store_performance,2026-10-09T02:20:53+00:00
2026-07-15,APP-0001,quivra,Quivra,ios,impressions,1,apple_snapshot_discovery,2026-10-09T02:20:53+00:00
2026-07-15,APP-0004,segra,Segra,android,installs,0,google_store_performance,2026-10-09T02:20:53+00:00
2026-07-15,APP-0004,segra,Segra,android,store_visitors,2,google_store_performance,2026-10-09T02:20:53+00:00
2026-07-15,APP-0004,segra,Segra,ios,impressions,18,apple_snapshot_discovery,2026-10-09T02:20:53+00:00
2026-07-15,APP-0002,tagweaver,TagWeaver,android,installs,0,google_store_performance,2026-10-09T02:20:53+00:00
2026-07-15,APP-0002,tagweaver,TagWeaver,android,store_visitors,0,google_store_performance,2026-10-09T02:20:53+00:00
2026-07-15,APP-0002,tagweaver,TagWeaver,ios,impressions,39,apple_snapshot_discovery,2026-10-09T02:20:53+00:00
2026-07-15,APP-0002,tagweaver,TagWeaver,ios,store_visitors,1,apple_snapshot_discovery,2026-10-09T02:20:53+00:00
2026-07-15,APP-0003,vaultxt,VaultXT,android,installs,0,google_store_performance,2026-10-09T02:20:53+00:00
2026-07-15,APP-0003,vaultxt,VaultXT,android,store_visitors,0,google_store_performance,2026-10-09T02:20:53+00:00
2026-07-15,APP-0003,vaultxt,VaultXT,ios,impressions,12,apple_snapshot_discovery,2026-10-09T02:20:53+00:00
2026-07-16,APP-0006,aligna,Aligna,android,installs,0,google_store_performance,2026-10-09T02:20:53+00:00
2026-07-16,APP-0006,aligna,Aligna,android,store_visitors,2,google_store_performance,2026-10-09T02:20:53+00:00
2026-07-16,APP-0006,aligna,Aligna,ios,impressions,27,apple_snapshot_discovery,2026-10-09T02:20:53+00:00
2026-07-16,APP-0006,aligna,Aligna,ios,store_visitors,1,apple_snapshot_discovery,2026-10-09T02:20:53+00:00
2026-07-16,APP-0005,clipnest,ClipNest,ios,impressions,9,apple_snapshot_discovery,2026-10-09T02:20:53+00:00
2026-07-16,APP-0001,quivra,Quivra,android,installs,0,google_store_performance,2026-10-09T02:20:53+00:00
2026-07-16,APP-0001,quivra,Quivra,android,store_visitors,2,google_store_performance,2026-10-09T02:20:53+00:00
2026-07-16,APP-0001,quivra,Quivra,ios,impressions,1,apple_snapshot_discovery,2026-10-09T02:20:53+00:00
2026-07-16,APP-0004,segra,Segra,ios,impressions,22,apple_snapshot_discovery,2026-10-09T02:20:53+00:00
2026-07-16,APP-0002,tagweaver,TagWeaver,android,installs,0,google_store_performance,2026-10-09T02:20:53+00:00
2026-07-16,APP-0002,tagweaver,TagWeaver,android,store_visitors,0,google_store_performance,2026-10-09T02:20:53+00:00
2026-07-16,APP-0002,tagweaver,TagWeaver,ios,impressions,55,apple_snapshot_discovery,2026-10-09T02:20:53+00:00
2026-07-16,APP-0002,tagweaver,TagWeaver,ios,store_visitors,6,apple_snapshot_discovery,2026-10-09T02:20:53+00:00
2026-07-16,APP-0003,vaultxt,VaultXT,android,installs,0,google_store_performance,2026-10-09T02:20:53+00:00
2026-07-16,APP-0003,vaultxt,VaultXT,android,store_visitors,1,google_store_performance,2026-10-09T02:20:53+00:00
2026-07-16,APP-0003,vaultxt,VaultXT,ios,impressions,6,apple_snapshot_discovery,2026-10-09T02:20:53+00:00
2026-07-16,APP-0003,vaultxt,VaultXT,ios,store_visitors,1,apple_snapshot_discovery,2026-10-09T02:20:53+00:00
2026-07-17,APP-0006,aligna,Aligna,android,installs,0,google_store_performance,2026-10-09T02:20:53+00:00
2026-07-17,APP-0006,aligna,Aligna,android,store_visitors,3,google_store_performance,2026-10-09T02:20:53+00:00
2026-07-17,APP-0006,aligna,Aligna,ios,impressions,16,apple_snapshot_discovery,2026-10-09T02:20:53+00:00
2026-07-17,APP-0006,aligna,Aligna,ios,store_visitors,5,apple_snapshot_discovery,2026-10-09T02:20:53+00:00
2026-07-17,APP-0005,clipnest,ClipNest,ios,impressions,4,apple_snapshot_discovery,2026-10-09T02:20:53+00:00
2026-07-17,APP-0005,clipnest,ClipNest,ios,store_visitors,2,apple_snapshot_discovery,2026-10-09T02:20:53+00:00
2026-07-17,APP-0001,quivra,Quivra,ios,impressions,2,apple_snapshot_discovery,2026-10-09T02:20:53+00:00
2026-07-17,APP-0004,segra,Segra,android,installs,0,google_store_performance,2026-10-09T02:20:53+00:00
2026-07-17,APP-0004,segra,Segra,android,store_visitors,1,google_store_performance,2026-10-09T02:20:53+00:00
2026-07-17,APP-0004,segra,Segra,ios,impressions,30,apple_snapshot_discovery,2026-10-09T02:20:53+00:00
2026-07-17,APP-0004,segra,Segra,ios,store_visitors,1,apple_snapshot_discovery,2026-10-09T02:20:53+00:00
2026-07-17,APP-0002,tagweaver,TagWeaver,android,installs,0,google_store_performance,2026-10-09T02:20:53+00:00
2026-07-17,APP-0002,tagweaver,TagWeaver,android,store_visitors,0,google_store_performance,2026-10-09T02:20:53+00:00
2026-07-17,APP-0002,tagweaver,TagWeaver,ios,impressions,49,apple_snapshot_discovery,2026-10-09T02:20:53+00:00
2026-07-17,APP-0002,tagweaver,TagWeaver,ios,purchases,1,apple_snapshot_purchases,2026-10-09T02:20:53+00:00
2026-07-17,APP-0002,tagweaver,TagWeaver,ios,store_visitors,3,apple_snapshot_discovery,2026-10-09T02:20:53+00:00
2026-07-17,APP-0003,vaultxt,VaultXT,android,installs,0,google_store_performance,2026-10-09T02:20:53+00:00
2026-07-17,APP-0003,vaultxt,VaultXT,android,store_visitors,0,google_store_performance,2026-10-09T02:20:53+00:00
2026-07-17,APP-0003,vaultxt,VaultXT,ios,impressions,9,apple_snapshot_discovery,2026-10-09T02:20:53+00:00
2026-07-17,APP-0003,vaultxt,VaultXT,ios,store_visitors,1,apple_snapshot_discovery,2026-10-09T02:20:53+00:00
2026-07-18,APP-0006,aligna,Aligna,android,installs,0,google_store_performance,2026-10-09T02:20:53+00:00
2026-07-18,APP-0006,aligna,Aligna,android,store_visitors,1,google_store_performance,2026-10-09T02:20:53+00:00
2026-07-18,APP-0006,aligna,Aligna,ios,impressions,7,apple_snapshot_discovery,2026-10-09T02:20:53+00:00
2026-07-18,APP-0006,aligna,Aligna,ios,store_visitors,1,apple_snapshot_discovery,2026-10-09T02:20:53+00:00
2026-07-18,APP-0005,clipnest,ClipNest,ios,impressions,2,apple_snapshot_discovery,2026-10-09T02:20:53+00:00
2026-07-18,APP-0005,clipnest,ClipNest,ios,store_visitors,1,apple_snapshot_discovery,2026-10-09T02:20:53+00:00
2026-07-18,APP-0004,segra,Segra,android,installs,0,google_store_performance,2026-10-09T02:20:53+00:00
2026-07-18,APP-0004,segra,Segra,android,store_visitors,1,google_store_performance,2026-10-09T02:20:53+00:00
2026-07-18,APP-0004,segra,Segra,ios,impressions,25,apple_snapshot_discovery,2026-10-09T02:20:53+00:00
2026-07-18,APP-0002,tagweaver,TagWeaver,android,installs,0,google_store_performance,2026-10-09T02:20:53+00:00
2026-07-18,APP-0002,tagweaver,TagWeaver,android,store_visitors,0,google_store_performance,2026-10-09T02:20:53+00:00
2026-07-18,APP-0002,tagweaver,TagWeaver,ios,impressions,38,apple_snapshot_discovery,2026-10-09T02:20:53+00:00
2026-07-18,APP-0002,tagweaver,TagWeaver,ios,store_visitors,1,apple_snapshot_discovery,2026-10-09T02:20:53+00:00
2026-07-18,APP-0003,vaultxt,VaultXT,android,installs,0,google_store_performance,2026-10-09T02:20:53+00:00
2026-07-18,APP-0003,vaultxt,VaultXT,android,store_visitors,0,google_store_performance,2026-10-09T02:20:53+00:00
2026-07-18,APP-0003,vaultxt,VaultXT,ios,impressions,7,apple_snapshot_discovery,2026-10-09T02:20:53+00:00
2026-07-19,APP-0006,aligna,Aligna,android,installs,0,google_store_performance,2026-10-09T02:20:53+00:00
2026-07-19,APP-0006,aligna,Aligna,android,store_visitors,3,google_store_performance,2026-10-09T02:20:53+00:00
2026-07-19,APP-0006,aligna,Aligna,ios,impressions,16,apple_snapshot_discovery,2026-10-09T02:20:53+00:00
2026-07-19,APP-0006,aligna,Aligna,ios,store_visitors,4,apple_snapshot_discovery,2026-10-09T02:20:53+00:00
2026-07-19,APP-0005,clipnest,ClipNest,ios,impressions,3,apple_snapshot_discovery,2026-10-09T02:20:53+00:00
2026-07-19,APP-0001,quivra,Quivra,android,installs,0,google_store_performance,2026-10-09T02:20:53+00:00
2026-07-19,APP-0001,quivra,Quivra,android,store_visitors,1,google_store_performance,2026-10-09T02:20:53+00:00
2026-07-19,APP-0001,quivra,Quivra,ios,impressions,3,apple_snapshot_discovery,2026-10-09T02:20:53+00:00
2026-07-19,APP-0001,quivra,Quivra,ios,store_visitors,1,apple_snapshot_discovery,2026-10-09T02:20:53+00:00
2026-07-19,APP-0004,segra,Segra,ios,impressions,17,apple_snapshot_discovery,2026-10-09T02:20:53+00:00
2026-07-19,APP-0004,segra,Segra,ios,store_visitors,1,apple_snapshot_discovery,2026-10-09T02:20:53+00:00
2026-07-19,APP-0002,tagweaver,TagWeaver,android,installs,0,google_store_performance,2026-10-09T02:20:53+00:00
2026-07-19,APP-0002,tagweaver,TagWeaver,android,purchases,1,google_estimated_sales,2026-10-09T02:20:53+00:00
2026-07-19,APP-0002,tagweaver,TagWeaver,android,store_visitors,0,google_store_performance,2026-10-09T02:20:53+00:00
2026-07-19,APP-0002,tagweaver,TagWeaver,ios,impressions,49,apple_snapshot_discovery,2026-10-09T02:20:53+00:00
2026-07-19,APP-0002,tagweaver,TagWeaver,ios,store_visitors,8,apple_snapshot_discovery,2026-10-09T02:20:53+00:00
2026-07-19,APP-0003,vaultxt,VaultXT,android,installs,0,google_store_performance,2026-10-09T02:20:53+00:00
2026-07-19,APP-0003,vaultxt,VaultXT,android,store_visitors,0,google_store_performance,2026-10-09T02:20:53+00:00
2026-07-19,APP-0003,vaultxt,VaultXT,ios,impressions,8,apple_snapshot_discovery,2026-10-09T02:20:53+00:00
2026-07-20,APP-0006,aligna,Aligna,ios,impressions,20,apple_snapshot_discovery,2026-10-09T02:20:53+00:00
2026-07-20,APP-0006,aligna,Aligna,ios,store_visitors,1,apple_snapshot_discovery,2026-10-09T02:20:53+00:00
2026-07-20,APP-0005,clipnest,ClipNest,ios,impressions,6,apple_snapshot_discovery,2026-10-09T02:20:53+00:00
2026-07-20,APP-0005,clipnest,ClipNest,ios,store_visitors,5,apple_snapshot_discovery,2026-10-09T02:20:53+00:00
2026-07-20,APP-0001,quivra,Quivra,ios,impressions,6,apple_snapshot_discovery,2026-10-09T02:20:53+00:00
2026-07-20,APP-0004,segra,Segra,android,installs,0,google_store_performance,2026-10-09T02:20:53+00:00
2026-07-20,APP-0004,segra,Segra,android,store_visitors,0,google_store_performance,2026-10-09T02:20:53+00:00
2026-07-20,APP-0004,segra,Segra,ios,impressions,15,apple_snapshot_discovery,2026-10-09T02:20:53+00:00
2026-07-20,APP-0004,segra,Segra,ios,store_visitors,2,apple_snapshot_discovery,2026-10-09T02:20:53+00:00
2026-07-20,APP-0002,tagweaver,TagWeaver,android,installs,0,google_store_performance,2026-10-09T02:20:53+00:00
2026-07-20,APP-0002,tagweaver,TagWeaver,android,store_visitors,0,google_store_performance,2026-10-09T02:20:53+00:00
2026-07-20,APP-0002,tagweaver,TagWeaver,ios,impressions,35,apple_snapshot_discovery,2026-10-09T02:20:53+00:00
2026-07-20,APP-0002,tagweaver,TagWeaver,ios,purchases,1,apple_snapshot_purchases,2026-10-09T02:20:53+00:00
2026-07-20,APP-0002,tagweaver,TagWeaver,ios,store_visitors,8,apple_snapshot_discovery,2026-10-09T02:20:53+00:00
2026-07-20,APP-0003,vaultxt,VaultXT,android,installs,0,google_store_performance,2026-10-09T02:20:53+00:00
2026-07-20,APP-0003,vaultxt,VaultXT,android,store_visitors,0,google_store_performance,2026-10-09T02:20:53+00:00
2026-07-20,APP-0003,vaultxt,VaultXT,ios,impressions,11,apple_snapshot_discovery,2026-10-09T02:20:53+00:00
2026-07-21,APP-0006,aligna,Aligna,android,installs,0,google_store_performance,2026-10-09T02:20:53+00:00
2026-07-21,APP-0006,aligna,Aligna,android,store_visitors,0,google_store_performance,2026-10-09T02:20:53+00:00
2026-07-21,APP-0006,aligna,Aligna,ios,impressions,16,apple_snapshot_discovery,2026-10-09T02:20:53+00:00
2026-07-21,APP-0005,clipnest,ClipNest,ios,impressions,8,apple_snapshot_discovery,2026-10-09T02:20:53+00:00
2026-07-21,APP-0001,quivra,Quivra,ios,impressions,1,apple_snapshot_discovery,2026-10-09T02:20:53+00:00
2026-07-21,APP-0004,segra,Segra,ios,impressions,23,apple_snapshot_discovery,2026-10-09T02:20:53+00:00
2026-07-21,APP-0004,segra,Segra,ios,store_visitors,3,apple_snapshot_discovery,2026-10-09T02:20:53+00:00
2026-07-21,APP-0002,tagweaver,TagWeaver,android,installs,0,google_store_performance,2026-10-09T02:20:53+00:00
2026-07-21,APP-0002,tagweaver,TagWeaver,android,store_visitors,0,google_store_performance,2026-10-09T02:20:53+00:00
2026-07-21,APP-0002,tagweaver,TagWeaver,ios,impressions,63,apple_snapshot_discovery,2026-10-09T02:20:53+00:00
2026-07-21,APP-0002,tagweaver,TagWeaver,ios,store_visitors,10,apple_snapshot_discovery,2026-10-09T02:20:53+00:00
2026-07-21,APP-0003,vaultxt,VaultXT,android,installs,0,google_store_performance,2026-10-09T02:20:53+00:00
2026-07-21,APP-0003,vaultxt,VaultXT,android,store_visitors,2,google_store_performance,2026-10-09T02:20:53+00:00
2026-07-21,APP-0003,vaultxt,VaultXT,ios,impressions,22,apple_snapshot_discovery,2026-10-09T02:20:53+00:00
2026-07-21,APP-0003,vaultxt,VaultXT,ios,store_visitors,8,apple_snapshot_discovery,2026-10-09T02:20:53+00:00
2026-07-22,APP-0006,aligna,Aligna,android,installs,0,google_store_performance,2026-10-09T02:20:53+00:00
2026-07-22,APP-0006,aligna,Aligna,android,store_visitors,4,google_store_performance,2026-10-09T02:20:53+00:00
2026-07-22,APP-0006,aligna,Aligna,ios,impressions,14,apple_snapshot_discovery,2026-10-09T02:20:53+00:00
2026-07-22,APP-0006,aligna,Aligna,ios,store_visitors,1,apple_snapshot_discovery,2026-10-09T02:20:53+00:00
2026-07-22,APP-0005,clipnest,ClipNest,ios,impressions,5,apple_snapshot_discovery,2026-10-09T02:20:53+00:00
2026-07-22,APP-0005,clipnest,ClipNest,ios,store_visitors,1,apple_snapshot_discovery,2026-10-09T02:20:53+00:00
2026-07-22,APP-0001,quivra,Quivra,android,installs,0,google_store_performance,2026-10-09T02:20:53+00:00
2026-07-22,APP-0001,quivra,Quivra,android,store_visitors,1,google_store_performance,2026-10-09T02:20:53+00:00
2026-07-22,APP-0001,quivra,Quivra,ios,impressions,3,apple_snapshot_discovery,2026-10-09T02:20:53+00:00
2026-07-22,APP-0004,segra,Segra,android,installs,0,google_store_performance,2026-10-09T02:20:53+00:00
2026-07-22,APP-0004,segra,Segra,android,store_visitors,2,google_store_performance,2026-10-09T02:20:53+00:00
2026-07-22,APP-0004,segra,Segra,ios,impressions,31,apple_snapshot_discovery,2026-10-09T02:20:53+00:00
2026-07-22,APP-0002,tagweaver,TagWeaver,android,installs,0,google_store_performance,2026-10-09T02:20:53+00:00
2026-07-22,APP-0002,tagweaver,TagWeaver,android,store_visitors,0,google_store_performance,2026-10-09T02:20:53+00:00
2026-07-22,APP-0002,tagweaver,TagWeaver,ios,impressions,38,apple_snapshot_discovery,2026-10-09T02:20:53+00:00
2026-07-22,APP-0002,tagweaver,TagWeaver,ios,store_visitors,3,apple_snapshot_discovery,2026-10-09T02:20:53+00:00
2026-07-22,APP-0003,vaultxt,VaultXT,android,installs,0,google_store_performance,2026-10-09T02:20:53+00:00
2026-07-22,APP-0003,vaultxt,VaultXT,android,store_visitors,0,google_store_performance,2026-10-09T02:20:53+00:00
2026-07-22,APP-0003,vaultxt,VaultXT,ios,impressions,8,apple_snapshot_discovery,2026-10-09T02:20:53+00:00
2026-07-22,APP-0003,vaultxt,VaultXT,ios,store_visitors,2,apple_snapshot_discovery,2026-10-09T02:20:53+00:00
2026-07-23,APP-0006,aligna,Aligna,android,installs,0,google_store_performance,2026-10-09T02:20:53+00:00
2026-07-23,APP-0006,aligna,Aligna,android,store_visitors,3,google_store_performance,2026-10-09T02:20:53+00:00
2026-07-23,APP-0006,aligna,Aligna,ios,impressions,15,apple_snapshot_discovery,2026-10-09T02:20:53+00:00
2026-07-23,APP-0006,aligna,Aligna,ios,store_visitors,6,apple_snapshot_discovery,2026-10-09T02:20:53+00:00
2026-07-23,APP-0005,clipnest,ClipNest,ios,impressions,18,apple_snapshot_discovery,2026-10-09T02:20:53+00:00
2026-07-23,APP-0005,clipnest,ClipNest,ios,store_visitors,5,apple_snapshot_discovery,2026-10-09T02:20:53+00:00
2026-07-23,APP-0004,segra,Segra,android,installs,0,google_store_performance,2026-10-09T02:20:53+00:00
2026-07-23,APP-0004,segra,Segra,android,store_visitors,0,google_store_performance,2026-10-09T02:20:53+00:00
2026-07-23,APP-0004,segra,Segra,ios,impressions,30,apple_snapshot_discovery,2026-10-09T02:20:53+00:00
2026-07-23,APP-0002,tagweaver,TagWeaver,android,installs,0,google_store_performance,2026-10-09T02:20:53+00:00
2026-07-23,APP-0002,tagweaver,TagWeaver,android,store_visitors,0,google_store_performance,2026-10-09T02:20:53+00:00
2026-07-23,APP-0002,tagweaver,TagWeaver,ios,impressions,37,apple_snapshot_discovery,2026-10-09T02:20:53+00:00
2026-07-23,APP-0002,tagweaver,TagWeaver,ios,store_visitors,3,apple_snapshot_discovery,2026-10-09T02:20:53+00:00
2026-07-23,APP-0003,vaultxt,VaultXT,android,installs,0,google_store_performance,2026-10-09T02:20:53+00:00
2026-07-23,APP-0003,vaultxt,VaultXT,android,store_visitors,0,google_store_performance,2026-10-09T02:20:53+00:00
2026-07-23,APP-0003,vaultxt,VaultXT,ios,impressions,12,apple_snapshot_discovery,2026-10-09T02:20:53+00:00
2026-07-24,APP-0006,aligna,Aligna,android,installs,0,google_store_performance,2026-10-09T02:20:53+00:00
2026-07-24,APP-0006,aligna,Aligna,android,store_visitors,4,google_store_performance,2026-10-09T02:20:53+00:00
2026-07-24,APP-0006,aligna,Aligna,ios,impressions,28,apple_snapshot_discovery,2026-10-09T02:20:53+00:00
2026-07-24,APP-0006,aligna,Aligna,ios,store_visitors,8,apple_snapshot_discovery,2026-10-09T02:20:53+00:00
2026-07-24,APP-0005,clipnest,ClipNest,ios,impressions,8,apple_snapshot_discovery,2026-10-09T02:20:53+00:00
2026-07-24,APP-0001,quivra,Quivra,ios,impressions,9,apple_snapshot_discovery,2026-10-09T02:20:53+00:00
2026-07-24,APP-0004,segra,Segra,android,installs,0,google_store_performance,2026-10-09T02:20:53+00:00
2026-07-24,APP-0004,segra,Segra,android,store_visitors,2,google_store_performance,2026-10-09T02:20:53+00:00
2026-07-24,APP-0004,segra,Segra,ios,impressions,25,apple_snapshot_discovery,2026-10-09T02:20:53+00:00
2026-07-24,APP-0002,tagweaver,TagWeaver,android,installs,0,google_store_performance,2026-10-09T02:20:53+00:00
2026-07-24,APP-0002,tagweaver,TagWeaver,android,store_visitors,0,google_store_performance,2026-10-09T02:20:53+00:00
2026-07-24,APP-0002,tagweaver,TagWeaver,ios,impressions,68,apple_snapshot_discovery,2026-10-09T02:20:53+00:00
2026-07-24,APP-0002,tagweaver,TagWeaver,ios,store_visitors,8,apple_snapshot_discovery,2026-10-09T02:20:53+00:00
2026-07-24,APP-0003,vaultxt,VaultXT,android,installs,0,google_store_performance,2026-10-09T02:20:53+00:00
2026-07-24,APP-0003,vaultxt,VaultXT,android,purchases,1,google_estimated_sales,2026-10-09T02:20:53+00:00
2026-07-24,APP-0003,vaultxt,VaultXT,android,store_visitors,0,google_store_performance,2026-10-09T02:20:53+00:00
2026-07-24,APP-0003,vaultxt,VaultXT,ios,impressions,11,apple_snapshot_discovery,2026-10-09T02:20:53+00:00
2026-07-25,APP-0006,aligna,Aligna,android,installs,0,google_store_performance,2026-10-09T02:20:53+00:00
2026-07-25,APP-0006,aligna,Aligna,android,store_visitors,2,google_store_performance,2026-10-09T02:20:53+00:00
2026-07-25,APP-0006,aligna,Aligna,ios,impressions,32,apple_snapshot_discovery,2026-10-09T02:20:53+00:00
2026-07-25,APP-0006,aligna,Aligna,ios,store_visitors,4,apple_snapshot_discovery,2026-10-09T02:20:53+00:00
2026-07-25,APP-0005,clipnest,ClipNest,ios,impressions,6,apple_snapshot_discovery,2026-10-09T02:20:53+00:00
2026-07-25,APP-0001,quivra,Quivra,android,installs,0,google_store_performance,2026-10-09T02:20:53+00:00
2026-07-25,APP-0001,quivra,Quivra,android,store_visitors,1,google_store_performance,2026-10-09T02:20:53+00:00
2026-07-25,APP-0004,segra,Segra,android,installs,0,google_store_performance,2026-10-09T02:20:53+00:00
2026-07-25,APP-0004,segra,Segra,android,store_visitors,0,google_store_performance,2026-10-09T02:20:53+00:00
2026-07-25,APP-0004,segra,Segra,ios,impressions,16,apple_snapshot_discovery,2026-10-09T02:20:53+00:00
2026-07-25,APP-0004,segra,Segra,ios,store_visitors,2,apple_snapshot_discovery,2026-10-09T02:20:53+00:00
2026-07-25,APP-0002,tagweaver,TagWeaver,android,installs,0,google_store_performance,2026-10-09T02:20:53+00:00
2026-07-25,APP-0002,tagweaver,TagWeaver,android,store_visitors,0,google_store_performance,2026-10-09T02:20:53+00:00
2026-07-25,APP-0002,tagweaver,TagWeaver,ios,impressions,63,apple_snapshot_discovery,2026-10-09T02:20:53+00:00
2026-07-25,APP-0002,tagweaver,TagWeaver,ios,store_visitors,6,apple_snapshot_discovery,2026-10-09T02:20:53+00:00
2026-07-25,APP-0003,vaultxt,VaultXT,android,installs,0,google_store_performance,2026-10-09T02:20:53+00:00
2026-07-25,APP-0003,vaultxt,VaultXT,android,purchases,-1,google_estimated_sales,2026-10-09T02:20:53+00:00
2026-07-25,APP-0003,vaultxt,VaultXT,android,store_visitors,0,google_store_performance,2026-10-09T02:20:53+00:00
2026-07-25,APP-0003,vaultxt,VaultXT,ios,impressions,7,apple_snapshot_discovery,2026-10-09T02:20:53+00:00
2026-07-25,APP-0003,vaultxt,VaultXT,ios,store_visitors,1,apple_snapshot_discovery,2026-10-09T02:20:53+00:00
2026-07-26,APP-0006,aligna,Aligna,android,installs,0,google_store_performance,2026-10-09T02:20:53+00:00
2026-07-26,APP-0006,aligna,Aligna,android,store_visitors,0,google_store_performance,2026-10-09T02:20:53+00:00
2026-07-26,APP-0006,aligna,Aligna,ios,impressions,29,apple_snapshot_discovery,2026-10-09T02:20:53+00:00
2026-07-26,APP-0005,clipnest,ClipNest,ios,impressions,9,apple_snapshot_discovery,2026-10-09T02:20:53+00:00
2026-07-26,APP-0004,segra,Segra,android,installs,0,google_store_performance,2026-10-09T02:20:53+00:00
2026-07-26,APP-0004,segra,Segra,android,store_visitors,1,google_store_performance,2026-10-09T02:20:53+00:00
2026-07-26,APP-0004,segra,Segra,ios,impressions,21,apple_snapshot_discovery,2026-10-09T02:20:53+00:00
2026-07-26,APP-0002,tagweaver,TagWeaver,android,installs,0,google_store_performance,2026-10-09T02:20:53+00:00
2026-07-26,APP-0002,tagweaver,TagWeaver,android,store_visitors,0,google_store_performance,2026-10-09T02:20:53+00:00
2026-07-26,APP-0002,tagweaver,TagWeaver,ios,impressions,52,apple_snapshot_discovery,2026-10-09T02:20:53+00:00
2026-07-26,APP-0002,tagweaver,TagWeaver,ios,store_visitors,3,apple_snapshot_discovery,2026-10-09T02:20:53+00:00
2026-07-26,APP-0003,vaultxt,VaultXT,android,installs,0,google_store_performance,2026-10-09T02:20:53+00:00
2026-07-26,APP-0003,vaultxt,VaultXT,android,store_visitors,0,google_store_performance,2026-10-09T02:20:53+00:00
2026-07-26,APP-0003,vaultxt,VaultXT,ios,impressions,5,apple_snapshot_discovery,2026-10-09T02:20:53+00:00
2026-07-26,APP-0003,vaultxt,VaultXT,ios,store_visitors,2,apple_snapshot_discovery,2026-10-09T02:20:53+00:00
2026-07-27,APP-0006,aligna,Aligna,android,installs,0,google_store_performance,2026-10-09T02:20:53+00:00
2026-07-27,APP-0006,aligna,Aligna,android,store_visitors,0,google_store_performance,2026-10-09T02:20:53+00:00
2026-07-27,APP-0006,aligna,Aligna,ios,impressions,24,apple_snapshot_discovery,2026-10-09T02:20:53+00:00
2026-07-27,APP-0005,clipnest,ClipNest,ios,impressions,20,apple_snapshot_discovery,2026-10-09T02:20:53+00:00
2026-07-27,APP-0001,quivra,Quivra,ios,impressions,5,apple_snapshot_discovery,2026-10-09T02:20:53+00:00
2026-07-27,APP-0004,segra,Segra,android,installs,0,google_store_performance,2026-10-09T02:20:53+00:00
2026-07-27,APP-0004,segra,Segra,android,store_visitors,3,google_store_performance,2026-10-09T02:20:53+00:00
2026-07-27,APP-0004,segra,Segra,ios,impressions,52,apple_snapshot_discovery,2026-10-09T02:20:53+00:00
2026-07-27,APP-0002,tagweaver,TagWeaver,android,installs,0,google_store_performance,2026-10-09T02:20:53+00:00
2026-07-27,APP-0002,tagweaver,TagWeaver,android,purchases,1,google_estimated_sales,2026-10-09T02:20:53+00:00
2026-07-27,APP-0002,tagweaver,TagWeaver,android,store_visitors,0,google_store_performance,2026-10-09T02:20:53+00:00
2026-07-27,APP-0002,tagweaver,TagWeaver,ios,impressions,50,apple_snapshot_discovery,2026-10-09T02:20:53+00:00
2026-07-27,APP-0002,tagweaver,TagWeaver,ios,store_visitors,3,apple_snapshot_discovery,2026-10-09T02:20:53+00:00
2026-07-27,APP-0003,vaultxt,VaultXT,android,installs,0,google_store_performance,2026-10-09T02:20:53+00:00
2026-07-27,APP-0003,vaultxt,VaultXT,android,store_visitors,0,google_store_performance,2026-10-09T02:20:53+00:00
2026-07-27,APP-0003,vaultxt,VaultXT,ios,impressions,18,apple_snapshot_discovery,2026-10-09T02:20:53+00:00
2026-07-28,APP-0006,aligna,Aligna,android,installs,0,google_store_performance,2026-10-09T02:20:53+00:00
2026-07-28,APP-0006,aligna,Aligna,android,store_visitors,2,google_store_performance,2026-10-09T02:20:53+00:00
2026-07-28,APP-0006,aligna,Aligna,ios,impressions,33,apple_snapshot_discovery,2026-10-09T02:20:53+00:00
2026-07-28,APP-0006,aligna,Aligna,ios,store_visitors,4,apple_snapshot_discovery,2026-10-09T02:20:53+00:00
2026-07-28,APP-0005,clipnest,ClipNest,ios,impressions,20,apple_snapshot_discovery,2026-10-09T02:20:53+00:00
2026-07-28,APP-0001,quivra,Quivra,android,installs,0,google_store_performance,2026-10-09T02:20:53+00:00
2026-07-28,APP-0001,quivra,Quivra,android,store_visitors,2,google_store_performance,2026-10-09T02:20:53+00:00
2026-07-28,APP-0001,quivra,Quivra,ios,impressions,8,apple_snapshot_discovery,2026-10-09T02:20:53+00:00
2026-07-28,APP-0001,quivra,Quivra,ios,store_visitors,1,apple_snapshot_discovery,2026-10-09T02:20:53+00:00
2026-07-28,APP-0004,segra,Segra,android,installs,0,google_store_performance,2026-10-09T02:20:53+00:00
2026-07-28,APP-0004,segra,Segra,android,store_visitors,2,google_store_performance,2026-10-09T02:20:53+00:00
2026-07-28,APP-0004,segra,Segra,ios,impressions,77,apple_snapshot_discovery,2026-10-09T02:20:53+00:00
2026-07-28,APP-0002,tagweaver,TagWeaver,android,installs,0,google_store_performance,2026-10-09T02:20:53+00:00
2026-07-28,APP-0002,tagweaver,TagWeaver,android,store_visitors,0,google_store_performance,2026-10-09T02:20:53+00:00
2026-07-28,APP-0002,tagweaver,TagWeaver,ios,impressions,87,apple_snapshot_discovery,2026-10-09T02:20:53+00:00
2026-07-28,APP-0002,tagweaver,TagWeaver,ios,purchases,1,apple_snapshot_purchases,2026-10-09T02:20:53+00:00
2026-07-28,APP-0002,tagweaver,TagWeaver,ios,store_visitors,5,apple_snapshot_discovery,2026-10-09T02:20:53+00:00
2026-07-28,APP-0003,vaultxt,VaultXT,android,installs,0,google_store_performance,2026-10-09T02:20:53+00:00
2026-07-28,APP-0003,vaultxt,VaultXT,android,store_visitors,4,google_store_performance,2026-10-09T02:20:53+00:00
2026-07-28,APP-0003,vaultxt,VaultXT,ios,impressions,38,apple_snapshot_discovery,2026-10-09T02:20:53+00:00
2026-07-28,APP-0003,vaultxt,VaultXT,ios,store_visitors,2,apple_snapshot_discovery,2026-10-09T02:20:53+00:00
2026-07-29,APP-0006,aligna,Aligna,android,installs,0,google_store_performance,2026-10-09T02:20:53+00:00
2026-07-29,APP-0006,aligna,Aligna,android,store_visitors,0,google_store_performance,2026-10-09T02:20:53+00:00
2026-07-29,APP-0006,aligna,Aligna,ios,impressions,19,apple_snapshot_discovery,2026-10-09T02:20:53+00:00
2026-07-29,APP-0006,aligna,Aligna,ios,store_visitors,2,apple_snapshot_discovery,2026-10-09T02:20:53+00:00
2026-07-29,APP-0005,clipnest,ClipNest,ios,impressions,22,apple_snapshot_discovery,2026-10-09T02:20:53+00:00
2026-07-29,APP-0005,clipnest,ClipNest,ios,store_visitors,3,apple_snapshot_discovery,2026-10-09T02:20:53+00:00
2026-07-29,APP-0001,quivra,Quivra,android,installs,0,google_store_performance,2026-10-09T02:20:53+00:00
2026-07-29,APP-0001,quivra,Quivra,android,store_visitors,1,google_store_performance,2026-10-09T02:20:53+00:00
2026-07-29,APP-0001,quivra,Quivra,ios,impressions,9,apple_snapshot_discovery,2026-10-09T02:20:53+00:00
2026-07-29,APP-0004,segra,Segra,android,installs,0,google_store_performance,2026-10-09T02:20:53+00:00
2026-07-29,APP-0004,segra,Segra,android,store_visitors,3,google_store_performance,2026-10-09T02:20:53+00:00
2026-07-29,APP-0004,segra,Segra,ios,impressions,65,apple_snapshot_discovery,2026-10-09T02:20:53+00:00
2026-07-29,APP-0004,segra,Segra,ios,store_visitors,2,apple_snapshot_discovery,2026-10-09T02:20:53+00:00
2026-07-29,APP-0002,tagweaver,TagWeaver,android,installs,0,google_store_performance,2026-10-09T02:20:53+00:00
2026-07-29,APP-0002,tagweaver,TagWeaver,android,store_visitors,0,google_store_performance,2026-10-09T02:20:53+00:00
2026-07-29,APP-0002,tagweaver,TagWeaver,ios,impressions,60,apple_snapshot_discovery,2026-10-09T02:20:53+00:00
2026-07-29,APP-0002,tagweaver,TagWeaver,ios,store_visitors,9,apple_snapshot_discovery,2026-10-09T02:20:53+00:00
2026-07-29,APP-0003,vaultxt,VaultXT,android,installs,0,google_store_performance,2026-10-09T02:20:53+00:00
2026-07-29,APP-0003,vaultxt,VaultXT,android,store_visitors,0,google_store_performance,2026-10-09T02:20:53+00:00
2026-07-29,APP-0003,vaultxt,VaultXT,ios,impressions,39,apple_snapshot_discovery,2026-10-09T02:20:53+00:00
2026-07-29,APP-0003,vaultxt,VaultXT,ios,store_visitors,1,apple_snapshot_discovery,2026-10-09T02:20:53+00:00
2026-07-30,APP-0006,aligna,Aligna,android,installs,0,google_store_performance,2026-10-09T02:20:53+00:00
2026-07-30,APP-0006,aligna,Aligna,android,store_visitors,2,google_store_performance,2026-10-09T02:20:53+00:00
2026-07-30,APP-0006,aligna,Aligna,ios,impressions,23,apple_snapshot_discovery,2026-10-09T02:20:53+00:00
2026-07-30,APP-0006,aligna,Aligna,ios,store_visitors,3,apple_snapshot_discovery,2026-10-09T02:20:53+00:00
2026-07-30,APP-0005,clipnest,ClipNest,ios,impressions,18,apple_snapshot_discovery,2026-10-09T02:20:53+00:00
2026-07-30,APP-0001,quivra,Quivra,android,installs,0,google_store_performance,2026-10-09T02:20:53+00:00
2026-07-30,APP-0001,quivra,Quivra,android,store_visitors,1,google_store_performance,2026-10-09T02:20:53+00:00
2026-07-30,APP-0001,quivra,Quivra,ios,impressions,6,apple_snapshot_discovery,2026-10-09T02:20:53+00:00
2026-07-30,APP-0004,segra,Segra,ios,impressions,72,apple_snapshot_discovery,2026-10-09T02:20:53+00:00
2026-07-30,APP-0002,tagweaver,TagWeaver,android,installs,0,google_store_performance,2026-10-09T02:20:53+00:00
2026-07-30,APP-0002,tagweaver,TagWeaver,android,store_visitors,0,google_store_performance,2026-10-09T02:20:53+00:00
2026-07-30,APP-0002,tagweaver,TagWeaver,ios,impressions,73,apple_snapshot_discovery,2026-10-09T02:20:53+00:00
2026-07-30,APP-0002,tagweaver,TagWeaver,ios,store_visitors,10,apple_snapshot_discovery,2026-10-09T02:20:53+00:00
2026-07-30,APP-0003,vaultxt,VaultXT,android,installs,0,google_store_performance,2026-10-09T02:20:53+00:00
2026-07-30,APP-0003,vaultxt,VaultXT,android,store_visitors,0,google_store_performance,2026-10-09T02:20:53+00:00
2026-07-30,APP-0003,vaultxt,VaultXT,ios,impressions,29,apple_snapshot_discovery,2026-10-09T02:20:53+00:00
2026-07-31,APP-0006,aligna,Aligna,android,installs,0,google_store_performance,2026-10-09T02:20:53+00:00
2026-07-31,APP-0006,aligna,Aligna,android,store_visitors,0,google_store_performance,2026-10-09T02:20:53+00:00
2026-07-31,APP-0006,aligna,Aligna,ios,impressions,32,apple_snapshot_discovery,2026-10-09T02:20:53+00:00
2026-07-31,APP-0006,aligna,Aligna,ios,store_visitors,2,apple_snapshot_discovery,2026-10-09T02:20:53+00:00
2026-07-31,APP-0005,clipnest,ClipNest,ios,impressions,17,apple_snapshot_discovery,2026-10-09T02:20:53+00:00
2026-07-31,APP-0005,clipnest,ClipNest,ios,store_visitors,6,apple_snapshot_discovery,2026-10-09T02:20:53+00:00
2026-07-31,APP-0001,quivra,Quivra,ios,impressions,9,apple_snapshot_discovery,2026-10-09T02:20:53+00:00
2026-07-31,APP-0004,segra,Segra,android,installs,0,google_store_performance,2026-10-09T02:20:53+00:00
2026-07-31,APP-0004,segra,Segra,android,store_visitors,1,google_store_performance,2026-10-09T02:20:53+00:00
2026-07-31,APP-0004,segra,Segra,ios,impressions,77,apple_snapshot_discovery,2026-10-09T02:20:53+00:00
2026-07-31,APP-0002,tagweaver,TagWeaver,android,installs,0,google_store_performance,2026-10-09T02:20:53+00:00
2026-07-31,APP-0002,tagweaver,TagWeaver,android,store_visitors,0,google_store_performance,2026-10-09T02:20:53+00:00
2026-07-31,APP-0002,tagweaver,TagWeaver,ios,impressions,57,apple_snapshot_discovery,2026-10-09T02:20:53+00:00
2026-07-31,APP-0002,tagweaver,TagWeaver,ios,purchases,-1,apple_snapshot_purchases,2026-10-09T02:20:53+00:00
2026-07-31,APP-0002,tagweaver,TagWeaver,ios,store_visitors,2,apple_snapshot_discovery,2026-10-09T02:20:53+00:00
2026-07-31,APP-0003,vaultxt,VaultXT,android,installs,0,google_store_performance,2026-10-09T02:20:53+00:00
2026-07-31,APP-0003,vaultxt,VaultXT,android,store_visitors,0,google_store_performance,2026-10-09T02:20:53+00:00
2026-07-31,APP-0003,vaultxt,VaultXT,ios,impressions,22,apple_snapshot_discovery,2026-10-09T02:20:53+00:00
2026-07-31,APP-0003,vaultxt,VaultXT,ios,store_visitors,5,apple_snapshot_discovery,2026-10-09T02:20:53+00:00
2026-08-01,APP-0006,aligna,Aligna,android,installs,0,google_store_performance,2026-10-09T02:20:53+00:00
2026-08-01,APP-0006,aligna,Aligna,android,store_visitors,0,google_store_performance,2026-10-09T02:20:53+00:00
2026-08-01,APP-0006,aligna,Aligna,ios,impressions,34,apple_snapshot_discovery,2026-10-09T02:20:53+00:00
2026-08-01,APP-0006,aligna,Aligna,ios,store_visitors,5,apple_snapshot_discovery,2026-10-09T02:20:53+00:00
2026-08-01,APP-0005,clipnest,ClipNest,ios,impressions,22,apple_snapshot_discovery,2026-10-09T02:20:53+00:00
2026-08-01,APP-0001,quivra,Quivra,ios,impressions,3,apple_snapshot_discovery,2026-10-09T02:20:53+00:00
2026-08-01,APP-0004,segra,Segra,ios,impressions,46,apple_snapshot_discovery,2026-10-09T02:20:53+00:00
2026-08-01,APP-0004,segra,Segra,ios,store_visitors,2,apple_snapshot_discovery,2026-10-09T02:20:53+00:00
2026-08-01,APP-0002,tagweaver,TagWeaver,android,installs,0,google_store_performance,2026-10-09T02:20:53+00:00
2026-08-01,APP-0002,tagweaver,TagWeaver,android,store_visitors,0,google_store_performance,2026-10-09T02:20:53+00:00
2026-08-01,APP-0002,tagweaver,TagWeaver,ios,impressions,78,apple_snapshot_discovery,2026-10-09T02:20:53+00:00
2026-08-01,APP-0002,tagweaver,TagWeaver,ios,store_visitors,2,apple_snapshot_discovery,2026-10-09T02:20:53+00:00
2026-08-01,APP-0003,vaultxt,VaultXT,android,installs,0,google_store_performance,2026-10-09T02:20:53+00:00
2026-08-01,APP-0003,vaultxt,VaultXT,android,store_visitors,0,google_store_performance,2026-10-09T02:20:53+00:00
2026-08-01,APP-0003,vaultxt,VaultXT,ios,impressions,22,apple_snapshot_discovery,2026-10-09T02:20:53+00:00
2026-08-01,APP-0003,vaultxt,VaultXT,ios,store_visitors,1,apple_snapshot_discovery,2026-10-09T02:20:53+00:00
2026-08-02,APP-0006,aligna,Aligna,android,installs,0,google_store_performance,2026-10-09T02:20:53+00:00
2026-08-02,APP-0006,aligna,Aligna,android,store_visitors,1,google_store_performance,2026-10-09T02:20:53+00:00
2026-08-02,APP-0006,aligna,Aligna,ios,impressions,29,apple_snapshot_discovery,2026-10-09T02:20:53+00:00
2026-08-02,APP-0006,aligna,Aligna,ios,store_visitors,2,apple_snapshot_discovery,2026-10-09T02:20:53+00:00
2026-08-02,APP-0005,clipnest,ClipNest,ios,impressions,42,apple_snapshot_discovery,2026-10-09T02:20:53+00:00
2026-08-02,APP-0005,clipnest,ClipNest,ios,store_visitors,3,apple_snapshot_discovery,2026-10-09T02:20:53+00:00
2026-08-02,APP-0001,quivra,Quivra,ios,impressions,43,apple_snapshot_discovery,2026-10-09T02:20:53+00:00
2026-08-02,APP-0001,quivra,Quivra,ios,purchases,1,apple_snapshot_purchases,2026-10-09T02:20:53+00:00
2026-08-02,APP-0001,quivra,Quivra,ios,store_visitors,2,apple_snapshot_discovery,2026-10-09T02:20:53+00:00
2026-08-02,APP-0004,segra,Segra,android,installs,0,google_store_performance,2026-10-09T02:20:53+00:00
2026-08-02,APP-0004,segra,Segra,android,store_visitors,1,google_store_performance,2026-10-09T02:20:53+00:00
2026-08-02,APP-0004,segra,Segra,ios,impressions,57,apple_snapshot_discovery,2026-10-09T02:20:53+00:00
2026-08-02,APP-0002,tagweaver,TagWeaver,android,installs,0,google_store_performance,2026-10-09T02:20:53+00:00
2026-08-02,APP-0002,tagweaver,TagWeaver,android,store_visitors,0,google_store_performance,2026-10-09T02:20:53+00:00
2026-08-02,APP-0002,tagweaver,TagWeaver,ios,impressions,66,apple_snapshot_discovery,2026-10-09T02:20:53+00:00
2026-08-02,APP-0002,tagweaver,TagWeaver,ios,store_visitors,5,apple_snapshot_discovery,2026-10-09T02:20:53+00:00
2026-08-02,APP-0003,vaultxt,VaultXT,android,installs,0,google_store_performance,2026-10-09T02:20:53+00:00
2026-08-02,APP-0003,vaultxt,VaultXT,android,store_visitors,0,google_store_performance,2026-10-09T02:20:53+00:00
2026-08-02,APP-0003,vaultxt,VaultXT,ios,impressions,35,apple_snapshot_discovery,2026-10-09T02:20:53+00:00
2026-08-02,APP-0003,vaultxt,VaultXT,ios,store_visitors,2,apple_snapshot_discovery,2026-10-09T02:20:53+00:00
2026-08-03,APP-0006,aligna,Aligna,ios,impressions,24,apple_snapshot_discovery,2026-10-09T02:20:53+00:00
2026-08-03,APP-0006,aligna,Aligna,ios,store_visitors,4,apple_snapshot_discovery,2026-10-09T02:20:53+00:00
2026-08-03,APP-0005,clipnest,ClipNest,ios,impressions,30,apple_snapshot_discovery,2026-10-09T02:20:53+00:00
2026-08-03,APP-0001,quivra,Quivra,android,installs,0,google_store_performance,2026-10-09T02:20:53+00:00
2026-08-03,APP-0001,quivra,Quivra,android,store_visitors,1,google_store_performance,2026-10-09T02:20:53+00:00
2026-08-03,APP-0001,quivra,Quivra,ios,impressions,25,apple_snapshot_discovery,2026-10-09T02:20:53+00:00
2026-08-03,APP-0001,quivra,Quivra,ios,store_visitors,1,apple_snapshot_discovery,2026-10-09T02:20:53+00:00
2026-08-03,APP-0004,segra,Segra,android,installs,0,google_store_performance,2026-10-09T02:20:53+00:00
2026-08-03,APP-0004,segra,Segra,android,store_visitors,1,google_store_performance,2026-10-09T02:20:53+00:00
2026-08-03,APP-0004,segra,Segra,ios,impressions,64,apple_snapshot_discovery,2026-10-09T02:20:53+00:00
2026-08-03,APP-0004,segra,Segra,ios,store_visitors,2,apple_snapshot_discovery,2026-10-09T02:20:53+00:00
2026-08-03,APP-0002,tagweaver,TagWeaver,android,installs,0,google_store_performance,2026-10-09T02:20:53+00:00
2026-08-03,APP-0002,tagweaver,TagWeaver,android,store_visitors,9,google_store_performance,2026-10-09T02:20:53+00:00
2026-08-03,APP-0002,tagweaver,TagWeaver,ios,impressions,61,apple_snapshot_discovery,2026-10-09T02:20:53+00:00
2026-08-03,APP-0002,tagweaver,TagWeaver,ios,store_visitors,4,apple_snapshot_discovery,2026-10-09T02:20:53+00:00
2026-08-03,APP-0003,vaultxt,VaultXT,android,installs,0,google_store_performance,2026-10-09T02:20:53+00:00
2026-08-03,APP-0003,vaultxt,VaultXT,android,store_visitors,0,google_store_performance,2026-10-09T02:20:53+00:00
2026-08-03,APP-0003,vaultxt,VaultXT,ios,impressions,27,apple_snapshot_discovery,2026-10-09T02:20:53+00:00
2026-08-04,APP-0006,aligna,Aligna,android,installs,0,google_store_performance,2026-10-09T02:20:53+00:00
2026-08-04,APP-0006,aligna,Aligna,android,store_visitors,0,google_store_performance,2026-10-09T02:20:53+00:00
2026-08-04,APP-0006,aligna,Aligna,ios,impressions,29,apple_snapshot_discovery,2026-10-09T02:20:53+00:00
2026-08-04,APP-0006,aligna,Aligna,ios,store_visitors,9,apple_snapshot_discovery,2026-10-09T02:20:53+00:00
2026-08-04,APP-0005,clipnest,ClipNest,ios,impressions,27,apple_snapshot_discovery,2026-10-09T02:20:53+00:00
2026-08-04,APP-0001,quivra,Quivra,ios,impressions,21,apple_snapshot_discovery,2026-10-09T02:20:53+00:00
2026-08-04,APP-0004,segra,Segra,android,installs,0,google_store_performance,2026-10-09T02:20:53+00:00
2026-08-04,APP-0004,segra,Segra,android,store_visitors,3,google_store_performance,2026-10-09T02:20:53+00:00
2026-08-04,APP-0004,segra,Segra,ios,impressions,72,apple_snapshot_discovery,2026-10-09T02:20:53+00:00
2026-08-04,APP-0004,segra,Segra,ios,store_visitors,2,apple_snapshot_discovery,2026-10-09T02:20:53+00:00
2026-08-04,APP-0002,tagweaver,TagWeaver,android,installs,0,google_store_performance,2026-10-09T02:20:53+00:00
2026-08-04,APP-0002,tagweaver,TagWeaver,android,store_visitors,0,google_store_performance,2026-10-09T02:20:53+00:00
2026-08-04,APP-0002,tagweaver,TagWeaver,ios,impressions,49,apple_snapshot_discovery,2026-10-09T02:20:53+00:00
2026-08-04,APP-0002,tagweaver,TagWeaver,ios,store_visitors,6,apple_snapshot_discovery,2026-10-09T02:20:53+00:00
2026-08-04,APP-0003,vaultxt,VaultXT,android,installs,0,google_store_performance,2026-10-09T02:20:53+00:00
2026-08-04,APP-0003,vaultxt,VaultXT,android,store_visitors,0,google_store_performance,2026-10-09T02:20:53+00:00
2026-08-04,APP-0003,vaultxt,VaultXT,ios,impressions,29,apple_snapshot_discovery,2026-10-09T02:20:53+00:00
2026-08-04,APP-0003,vaultxt,VaultXT,ios,store_visitors,2,apple_snapshot_discovery,2026-10-09T02:20:53+00:00
2026-08-05,APP-0006,aligna,Aligna,android,installs,0,google_store_performance,2026-10-09T02:20:53+00:00
2026-08-05,APP-0006,aligna,Aligna,android,store_visitors,0,google_store_performance,2026-10-09T02:20:53+00:00
2026-08-05,APP-0006,aligna,Aligna,ios,impressions,23,apple_snapshot_discovery,2026-10-09T02:20:53+00:00
2026-08-05,APP-0005,clipnest,ClipNest,ios,impressions,34,apple_snapshot_discovery,2026-10-09T02:20:53+00:00
2026-08-05,APP-0005,clipnest,ClipNest,ios,store_visitors,4,apple_snapshot_discovery,2026-10-09T02:20:53+00:00
2026-08-05,APP-0001,quivra,Quivra,ios,impressions,13,apple_snapshot_discovery,2026-10-09T02:20:53+00:00
2026-08-05,APP-0004,segra,Segra,ios,impressions,79,apple_snapshot_discovery,2026-10-09T02:20:53+00:00
2026-08-05,APP-0004,segra,Segra,ios,store_visitors,4,apple_snapshot_discovery,2026-10-09T02:20:53+00:00
2026-08-05,APP-0002,tagweaver,TagWeaver,android,installs,0,google_store_performance,2026-10-09T02:20:53+00:00
2026-08-05,APP-0002,tagweaver,TagWeaver,android,purchases,1,google_estimated_sales,2026-10-09T02:20:53+00:00
2026-08-05,APP-0002,tagweaver,TagWeaver,android,store_visitors,0,google_store_performance,2026-10-09T02:20:53+00:00
2026-08-05,APP-0002,tagweaver,TagWeaver,ios,impressions,96,apple_snapshot_discovery,2026-10-09T02:20:53+00:00
2026-08-05,APP-0002,tagweaver,TagWeaver,ios,store_visitors,7,apple_snapshot_discovery,2026-10-09T02:20:53+00:00
2026-08-05,APP-0003,vaultxt,VaultXT,android,installs,0,google_store_performance,2026-10-09T02:20:53+00:00
2026-08-05,APP-0003,vaultxt,VaultXT,android,store_visitors,3,google_store_performance,2026-10-09T02:20:53+00:00
2026-08-05,APP-0003,vaultxt,VaultXT,ios,impressions,16,apple_snapshot_discovery,2026-10-09T02:20:53+00:00
2026-08-05,APP-0003,vaultxt,VaultXT,ios,store_visitors,3,apple_snapshot_discovery,2026-10-09T02:20:53+00:00
2026-08-06,APP-0006,aligna,Aligna,android,installs,0,google_store_performance,2026-10-09T02:20:53+00:00
2026-08-06,APP-0006,aligna,Aligna,android,store_visitors,0,google_store_performance,2026-10-09T02:20:53+00:00
2026-08-06,APP-0006,aligna,Aligna,ios,impressions,26,apple_snapshot_discovery,2026-10-09T02:20:53+00:00
2026-08-06,APP-0005,clipnest,ClipNest,ios,impressions,20,apple_snapshot_discovery,2026-10-09T02:20:53+00:00
2026-08-06,APP-0001,quivra,Quivra,ios,impressions,8,apple_snapshot_discovery,2026-10-09T02:20:53+00:00
2026-08-06,APP-0001,quivra,Quivra,ios,store_visitors,1,apple_snapshot_discovery,2026-10-09T02:20:53+00:00
2026-08-06,APP-0004,segra,Segra,ios,impressions,99,apple_snapshot_discovery,2026-10-09T02:20:53+00:00
2026-08-06,APP-0004,segra,Segra,ios,store_visitors,1,apple_snapshot_discovery,2026-10-09T02:20:53+00:00
2026-08-06,APP-0002,tagweaver,TagWeaver,android,installs,0,google_store_performance,2026-10-09T02:20:53+00:00
2026-08-06,APP-0002,tagweaver,TagWeaver,android,store_visitors,0,google_store_performance,2026-10-09T02:20:53+00:00
2026-08-06,APP-0002,tagweaver,TagWeaver,ios,impressions,57,apple_snapshot_discovery,2026-10-09T02:20:53+00:00
2026-08-06,APP-0002,tagweaver,TagWeaver,ios,store_visitors,2,apple_snapshot_discovery,2026-10-09T02:20:53+00:00
2026-08-06,APP-0003,vaultxt,VaultXT,android,installs,0,google_store_performance,2026-10-09T02:20:53+00:00
2026-08-06,APP-0003,vaultxt,VaultXT,android,store_visitors,0,google_store_performance,2026-10-09T02:20:53+00:00
2026-08-06,APP-0003,vaultxt,VaultXT,ios,impressions,22,apple_snapshot_discovery,2026-10-09T02:20:53+00:00
2026-08-06,APP-0003,vaultxt,VaultXT,ios,store_visitors,2,apple_snapshot_discovery,2026-10-09T02:20:53+00:00
2026-08-07,APP-0006,aligna,Aligna,android,installs,0,google_store_performance,2026-10-09T02:20:53+00:00
2026-08-07,APP-0006,aligna,Aligna,android,store_visitors,4,google_store_performance,2026-10-09T02:20:53+00:00
2026-08-07,APP-0006,aligna,Aligna,ios,impressions,12,apple_snapshot_discovery,2026-10-09T02:20:53+00:00
2026-08-07,APP-0006,aligna,Aligna,ios,store_visitors,2,apple_snapshot_discovery,2026-10-09T02:20:53+00:00
2026-08-07,APP-0005,clipnest,ClipNest,ios,impressions,23,apple_snapshot_discovery,2026-10-09T02:20:53+00:00
2026-08-07,APP-0005,clipnest,ClipNest,ios,store_visitors,1,apple_snapshot_discovery,2026-10-09T02:20:53+00:00
2026-08-07,APP-0001,quivra,Quivra,android,installs,0,google_store_performance,2026-10-09T02:20:53+00:00
2026-08-07,APP-0001,quivra,Quivra,android,store_visitors,1,google_store_performance,2026-10-09T02:20:53+00:00
2026-08-07,APP-0001,quivra,Quivra,ios,impressions,4,apple_snapshot_discovery,2026-10-09T02:20:53+00:00
2026-08-07,APP-0004,segra,Segra,ios,impressions,102,apple_snapshot_discovery,2026-10-09T02:20:53+00:00
2026-08-07,APP-0004,segra,Segra,ios,store_visitors,3,apple_snapshot_discovery,2026-10-09T02:20:53+00:00
2026-08-07,APP-0002,tagweaver,TagWeaver,android,installs,0,google_store_performance,2026-10-09T02:20:53+00:00
2026-08-07,APP-0002,tagweaver,TagWeaver,android,store_visitors,0,google_store_performance,2026-10-09T02:20:53+00:00
2026-08-07,APP-0002,tagweaver,TagWeaver,ios,impressions,64,apple_snapshot_discovery,2026-10-09T02:20:53+00:00
2026-08-07,APP-0002,tagweaver,TagWeaver,ios,store_visitors,3,apple_snapshot_discovery,2026-10-09T02:20:53+00:00
2026-08-07,APP-0003,vaultxt,VaultXT,android,installs,0,google_store_performance,2026-10-09T02:20:53+00:00
2026-08-07,APP-0003,vaultxt,VaultXT,android,store_visitors,0,google_store_performance,2026-10-09T02:20:53+00:00
2026-08-07,APP-0003,vaultxt,VaultXT,ios,impressions,28,apple_snapshot_discovery,2026-10-09T02:20:53+00:00
2026-08-07,APP-0003,vaultxt,VaultXT,ios,store_visitors,3,apple_snapshot_discovery,2026-10-09T02:20:53+00:00
2026-08-08,APP-0006,aligna,Aligna,android,installs,0,google_store_performance,2026-10-09T02:20:53+00:00
2026-08-08,APP-0006,aligna,Aligna,android,store_visitors,0,google_store_performance,2026-10-09T02:20:53+00:00
2026-08-08,APP-0006,aligna,Aligna,ios,impressions,23,apple_snapshot_discovery,2026-10-09T02:20:53+00:00
2026-08-08,APP-0005,clipnest,ClipNest,ios,impressions,49,apple_snapshot_discovery,2026-10-09T02:20:53+00:00
2026-08-08,APP-0005,clipnest,ClipNest,ios,store_visitors,5,apple_snapshot_discovery,2026-10-09T02:20:53+00:00
2026-08-08,APP-0001,quivra,Quivra,android,installs,0,google_store_performance,2026-10-09T02:20:53+00:00
2026-08-08,APP-0001,quivra,Quivra,android,store_visitors,7,google_store_performance,2026-10-09T02:20:53+00:00
2026-08-08,APP-0001,quivra,Quivra,ios,impressions,6,apple_snapshot_discovery,2026-10-09T02:20:53+00:00
2026-08-08,APP-0004,segra,Segra,android,installs,0,google_store_performance,2026-10-09T02:20:53+00:00
2026-08-08,APP-0004,segra,Segra,android,store_visitors,2,google_store_performance,2026-10-09T02:20:53+00:00
2026-08-08,APP-0004,segra,Segra,ios,impressions,74,apple_snapshot_discovery,2026-10-09T02:20:53+00:00
2026-08-08,APP-0004,segra,Segra,ios,store_visitors,4,apple_snapshot_discovery,2026-10-09T02:20:53+00:00
2026-08-08,APP-0002,tagweaver,TagWeaver,android,installs,0,google_store_performance,2026-10-09T02:20:53+00:00
2026-08-08,APP-0002,tagweaver,TagWeaver,android,store_visitors,0,google_store_performance,2026-10-09T02:20:53+00:00
2026-08-08,APP-0002,tagweaver,TagWeaver,ios,impressions,81,apple_snapshot_discovery,2026-10-09T02:20:53+00:00
2026-08-08,APP-0002,tagweaver,TagWeaver,ios,store_visitors,5,apple_snapshot_discovery,2026-10-09T02:20:53+00:00
2026-08-08,APP-0003,vaultxt,VaultXT,android,installs,0,google_store_performance,2026-10-09T02:20:53+00:00
2026-08-08,APP-0003,vaultxt,VaultXT,android,store_visitors,0,google_store_performance,2026-10-09T02:20:53+00:00
2026-08-08,APP-0003,vaultxt,VaultXT,ios,impressions,21,apple_snapshot_discovery,2026-10-09T02:20:53+00:00
2026-08-09,APP-0006,aligna,Aligna,android,installs,0,google_store_performance,2026-10-09T02:20:53+00:00
2026-08-09,APP-0006,aligna,Aligna,android,store_visitors,2,google_store_performance,2026-10-09T02:20:53+00:00
2026-08-09,APP-0006,aligna,Aligna,ios,impressions,32,apple_snapshot_discovery,2026-10-09T02:20:53+00:00
2026-08-09,APP-0006,aligna,Aligna,ios,store_visitors,5,apple_snapshot_discovery,2026-10-09T02:20:53+00:00
2026-08-09,APP-0005,clipnest,ClipNest,ios,impressions,69,apple_snapshot_discovery,2026-10-09T02:20:53+00:00
2026-08-09,APP-0005,clipnest,ClipNest,ios,store_visitors,4,apple_snapshot_discovery,2026-10-09T02:20:53+00:00
2026-08-09,APP-0001,quivra,Quivra,android,installs,0,google_store_performance,2026-10-09T02:20:53+00:00
2026-08-09,APP-0001,quivra,Quivra,android,store_visitors,3,google_store_performance,2026-10-09T02:20:53+00:00
2026-08-09,APP-0001,quivra,Quivra,ios,impressions,7,apple_snapshot_discovery,2026-10-09T02:20:53+00:00
2026-08-09,APP-0004,segra,Segra,ios,impressions,51,apple_snapshot_discovery,2026-10-09T02:20:53+00:00
2026-08-09,APP-0004,segra,Segra,ios,store_visitors,2,apple_snapshot_discovery,2026-10-09T02:20:53+00:00
2026-08-09,APP-0002,tagweaver,TagWeaver,android,installs,0,google_store_performance,2026-10-09T02:20:53+00:00
2026-08-09,APP-0002,tagweaver,TagWeaver,android,store_visitors,0,google_store_performance,2026-10-09T02:20:53+00:00
2026-08-09,APP-0002,tagweaver,TagWeaver,ios,impressions,70,apple_snapshot_discovery,2026-10-09T02:20:53+00:00
2026-08-09,APP-0002,tagweaver,TagWeaver,ios,purchases,1,apple_snapshot_purchases,2026-10-09T02:20:53+00:00
2026-08-09,APP-0002,tagweaver,TagWeaver,ios,store_visitors,9,apple_snapshot_discovery,2026-10-09T02:20:53+00:00
2026-08-09,APP-0003,vaultxt,VaultXT,android,installs,0,google_store_performance,2026-10-09T02:20:53+00:00
2026-08-09,APP-0003,vaultxt,VaultXT,android,store_visitors,0,google_store_performance,2026-10-09T02:20:53+00:00
2026-08-09,APP-0003,vaultxt,VaultXT,ios,impressions,18,apple_snapshot_discovery,2026-10-09T02:20:53+00:00
2026-08-10,APP-0006,aligna,Aligna,android,installs,0,google_store_performance,2026-10-09T02:20:53+00:00
2026-08-10,APP-0006,aligna,Aligna,android,store_visitors,10,google_store_performance,2026-10-09T02:20:53+00:00
2026-08-10,APP-0006,aligna,Aligna,ios,impressions,32,apple_snapshot_discovery,2026-10-09T02:20:53+00:00
2026-08-10,APP-0006,aligna,Aligna,ios,store_visitors,2,apple_snapshot_discovery,2026-10-09T02:20:53+00:00
2026-08-10,APP-0005,clipnest,ClipNest,ios,impressions,60,apple_snapshot_discovery,2026-10-09T02:20:53+00:00
2026-08-10,APP-0005,clipnest,ClipNest,ios,store_visitors,4,apple_snapshot_discovery,2026-10-09T02:20:53+00:00
2026-08-10,APP-0001,quivra,Quivra,ios,impressions,19,apple_snapshot_discovery,2026-10-09T02:20:53+00:00
2026-08-10,APP-0004,segra,Segra,ios,impressions,72,apple_snapshot_discovery,2026-10-09T02:20:53+00:00
2026-08-10,APP-0002,tagweaver,TagWeaver,android,installs,1,google_store_performance,2026-10-09T02:20:53+00:00
2026-08-10,APP-0002,tagweaver,TagWeaver,android,store_visitors,9,google_store_performance,2026-10-09T02:20:53+00:00
2026-08-10,APP-0002,tagweaver,TagWeaver,ios,impressions,83,apple_snapshot_discovery,2026-10-09T02:20:53+00:00
2026-08-10,APP-0002,tagweaver,TagWeaver,ios,store_visitors,6,apple_snapshot_discovery,2026-10-09T02:20:53+00:00
2026-08-10,APP-0003,vaultxt,VaultXT,android,installs,3,google_store_performance,2026-10-09T02:20:53+00:00
2026-08-10,APP-0003,vaultxt,VaultXT,android,store_visitors,7,google_store_performance,2026-10-09T02:20:53+00:00
2026-08-10,APP-0003,vaultxt,VaultXT,ios,impressions,20,apple_snapshot_discovery,2026-10-09T02:20:53+00:00
2026-08-10,APP-0003,vaultxt,VaultXT,ios,store_visitors,1,apple_snapshot_discovery,2026-10-09T02:20:53+00:00
2026-08-11,APP-0006,aligna,Aligna,android,installs,0,google_store_performance,2026-10-09T02:20:53+00:00
2026-08-11,APP-0006,aligna,Aligna,android,store_visitors,2,google_store_performance,2026-10-09T02:20:53+00:00
2026-08-11,APP-0006,aligna,Aligna,ios,impressions,29,apple_snapshot_discovery,2026-10-09T02:20:53+00:00
2026-08-11,APP-0006,aligna,Aligna,ios,store_visitors,3,apple_snapshot_discovery,2026-10-09T02:20:53+00:00
2026-08-11,APP-0005,clipnest,ClipNest,ios,impressions,35,apple_snapshot_discovery,2026-10-09T02:20:53+00:00
2026-08-11,APP-0005,clipnest,ClipNest,ios,store_visitors,5,apple_snapshot_discovery,2026-10-09T02:20:53+00:00
2026-08-11,APP-0001,quivra,Quivra,android,installs,0,google_store_performance,2026-10-09T02:20:53+00:00
2026-08-11,APP-0001,quivra,Quivra,android,store_visitors,2,google_store_performance,2026-10-09T02:20:53+00:00
2026-08-11,APP-0001,quivra,Quivra,ios,impressions,26,apple_snapshot_discovery,2026-10-09T02:20:53+00:00
2026-08-11,APP-0004,segra,Segra,ios,impressions,67,apple_snapshot_discovery,2026-10-09T02:20:53+00:00
2026-08-11,APP-0004,segra,Segra,ios,store_visitors,3,apple_snapshot_discovery,2026-10-09T02:20:53+00:00
2026-08-11,APP-0002,tagweaver,TagWeaver,android,installs,7,google_store_performance,2026-10-09T02:20:53+00:00
2026-08-11,APP-0002,tagweaver,TagWeaver,android,store_visitors,15,google_store_performance,2026-10-09T02:20:53+00:00
2026-08-11,APP-0002,tagweaver,TagWeaver,ios,impressions,86,apple_snapshot_discovery,2026-10-09T02:20:53+00:00
2026-08-11,APP-0002,tagweaver,TagWeaver,ios,store_visitors,2,apple_snapshot_discovery,2026-10-09T02:20:53+00:00
2026-08-11,APP-0003,vaultxt,VaultXT,android,installs,2,google_store_performance,2026-10-09T02:20:53+00:00
2026-08-11,APP-0003,vaultxt,VaultXT,android,store_visitors,5,google_store_performance,2026-10-09T02:20:53+00:00
2026-08-11,APP-0003,vaultxt,VaultXT,ios,impressions,23,apple_snapshot_discovery,2026-10-09T02:20:53+00:00
2026-08-11,APP-0003,vaultxt,VaultXT,ios,store_visitors,2,apple_snapshot_discovery,2026-10-09T02:20:53+00:00
2026-08-12,APP-0006,aligna,Aligna,android,installs,0,google_store_performance,2026-10-09T02:20:53+00:00
2026-08-12,APP-0006,aligna,Aligna,android,store_visitors,1,google_store_performance,2026-10-09T02:20:53+00:00
2026-08-12,APP-0006,aligna,Aligna,ios,impressions,48,apple_snapshot_discovery,2026-10-09T02:20:53+00:00
2026-08-12,APP-0006,aligna,Aligna,ios,store_visitors,9,apple_snapshot_discovery,2026-10-09T02:20:53+00:00
2026-08-12,APP-0005,clipnest,ClipNest,ios,impressions,68,apple_snapshot_discovery,2026-10-09T02:20:53+00:00
2026-08-12,APP-0005,clipnest,ClipNest,ios,store_visitors,5,apple_snapshot_discovery,2026-10-09T02:20:53+00:00
2026-08-12,APP-0001,quivra,Quivra,android,installs,0,google_store_performance,2026-10-09T02:20:53+00:00
2026-08-12,APP-0001,quivra,Quivra,android,store_visitors,2,google_store_performance,2026-10-09T02:20:53+00:00
2026-08-12,APP-0001,quivra,Quivra,ios,impressions,9,apple_snapshot_discovery,2026-10-09T02:20:53+00:00
2026-08-12,APP-0001,quivra,Quivra,ios,store_visitors,1,apple_snapshot_discovery,2026-10-09T02:20:53+00:00
2026-08-12,APP-0004,segra,Segra,android,installs,0,google_store_performance,2026-10-09T02:20:53+00:00
2026-08-12,APP-0004,segra,Segra,android,store_visitors,2,google_store_performance,2026-10-09T02:20:53+00:00
2026-08-12,APP-0004,segra,Segra,ios,impressions,89,apple_snapshot_discovery,2026-10-09T02:20:53+00:00
2026-08-12,APP-0002,tagweaver,TagWeaver,android,installs,2,google_store_performance,2026-10-09T02:20:53+00:00
2026-08-12,APP-0002,tagweaver,TagWeaver,android,purchases,1,google_estimated_sales,2026-10-09T02:20:53+00:00
2026-08-12,APP-0002,tagweaver,TagWeaver,android,store_visitors,10,google_store_performance,2026-10-09T02:20:53+00:00
2026-08-12,APP-0002,tagweaver,TagWeaver,ios,impressions,69,apple_snapshot_discovery,2026-10-09T02:20:53+00:00
2026-08-12,APP-0002,tagweaver,TagWeaver,ios,store_visitors,4,apple_snapshot_discovery,2026-10-09T02:20:53+00:00
2026-08-12,APP-0003,vaultxt,VaultXT,android,installs,2,google_store_performance,2026-10-09T02:20:53+00:00
2026-08-12,APP-0003,vaultxt,VaultXT,android,store_visitors,4,google_store_performance,2026-10-09T02:20:53+00:00
2026-08-12,APP-0003,vaultxt,VaultXT,ios,impressions,27,apple_snapshot_discovery,2026-10-09T02:20:53+00:00
2026-08-12,APP-0003,vaultxt,VaultXT,ios,store_visitors,2,apple_snapshot_discovery,2026-10-09T02:20:53+00:00
2026-08-13,APP-0006,aligna,Aligna,android,installs,0,google_store_performance,2026-10-09T02:20:53+00:00
2026-08-13,APP-0006,aligna,Aligna,android,store_visitors,3,google_store_performance,2026-10-09T02:20:53+00:00
2026-08-13,APP-0006,aligna,Aligna,ios,impressions,30,apple_snapshot_discovery,2026-10-09T02:20:53+00:00
2026-08-13,APP-0005,clipnest,ClipNest,ios,impressions,59,apple_snapshot_discovery,2026-10-09T02:20:53+00:00
2026-08-13,APP-0005,clipnest,ClipNest,ios,store_visitors,2,apple_snapshot_discovery,2026-10-09T02:20:53+00:00
2026-08-13,APP-0001,quivra,Quivra,android,installs,0,google_store_performance,2026-10-09T02:20:53+00:00
2026-08-13,APP-0001,quivra,Quivra,android,store_visitors,1,google_store_performance,2026-10-09T02:20:53+00:00
2026-08-13,APP-0001,quivra,Quivra,ios,impressions,2,apple_snapshot_discovery,2026-10-09T02:20:53+00:00
2026-08-13,APP-0004,segra,Segra,android,installs,0,google_store_performance,2026-10-09T02:20:53+00:00
2026-08-13,APP-0004,segra,Segra,android,store_visitors,1,google_store_performance,2026-10-09T02:20:53+00:00
2026-08-13,APP-0004,segra,Segra,ios,impressions,66,apple_snapshot_discovery,2026-10-09T02:20:53+00:00
2026-08-13,APP-0004,segra,Segra,ios,store_visitors,1,apple_snapshot_discovery,2026-10-09T02:20:53+00:00
2026-08-13,APP-0002,tagweaver,TagWeaver,android,installs,5,google_store_performance,2026-10-09T02:20:53+00:00
2026-08-13,APP-0002,tagweaver,TagWeaver,android,store_visitors,11,google_store_performance,2026-10-09T02:20:53+00:00
2026-08-13,APP-0002,tagweaver,TagWeaver,ios,impressions,80,apple_snapshot_discovery,2026-10-09T02:20:53+00:00
2026-08-13,APP-0002,tagweaver,TagWeaver,ios,store_visitors,10,apple_snapshot_discovery,2026-10-09T02:20:53+00:00
2026-08-13,APP-0003,vaultxt,VaultXT,android,installs,3,google_store_performance,2026-10-09T02:20:53+00:00
2026-08-13,APP-0003,vaultxt,VaultXT,android,store_visitors,8,google_store_performance,2026-10-09T02:20:53+00:00
2026-08-13,APP-0003,vaultxt,VaultXT,ios,impressions,32,apple_snapshot_discovery,2026-10-09T02:20:53+00:00
2026-08-13,APP-0003,vaultxt,VaultXT,ios,store_visitors,3,apple_snapshot_discovery,2026-10-09T02:20:53+00:00
2026-08-14,APP-0006,aligna,Aligna,android,installs,1,google_store_performance,2026-10-09T02:20:53+00:00
2026-08-14,APP-0006,aligna,Aligna,android,store_visitors,1,google_store_performance,2026-10-09T02:20:53+00:00
2026-08-14,APP-0006,aligna,Aligna,ios,impressions,27,apple_snapshot_discovery,2026-10-09T02:20:53+00:00
2026-08-14,APP-0006,aligna,Aligna,ios,store_visitors,1,apple_snapshot_discovery,2026-10-09T02:20:53+00:00
2026-08-14,APP-0005,clipnest,ClipNest,ios,impressions,42,apple_snapshot_discovery,2026-10-09T02:20:53+00:00
2026-08-14,APP-0005,clipnest,ClipNest,ios,store_visitors,1,apple_snapshot_discovery,2026-10-09T02:20:53+00:00
2026-08-14,APP-0001,quivra,Quivra,android,installs,0,google_store_performance,2026-10-09T02:20:53+00:00
2026-08-14,APP-0001,quivra,Quivra,android,purchases,1,google_estimated_sales,2026-10-09T02:20:53+00:00
2026-08-14,APP-0001,quivra,Quivra,android,store_visitors,7,google_store_performance,2026-10-09T02:20:53+00:00
2026-08-14,APP-0001,quivra,Quivra,ios,impressions,1,apple_snapshot_discovery,2026-10-09T02:20:53+00:00
2026-08-14,APP-0004,segra,Segra,ios,impressions,85,apple_snapshot_discovery,2026-10-09T02:20:53+00:00
2026-08-14,APP-0004,segra,Segra,ios,store_visitors,2,apple_snapshot_discovery,2026-10-09T02:20:53+00:00
2026-08-14,APP-0002,tagweaver,TagWeaver,android,installs,4,google_store_performance,2026-10-09T02:20:53+00:00
2026-08-14,APP-0002,tagweaver,TagWeaver,android,store_visitors,18,google_store_performance,2026-10-09T02:20:53+00:00
2026-08-14,APP-0002,tagweaver,TagWeaver,ios,impressions,74,apple_snapshot_discovery,2026-10-09T02:20:53+00:00
2026-08-14,APP-0002,tagweaver,TagWeaver,ios,store_visitors,10,apple_snapshot_discovery,2026-10-09T02:20:53+00:00
2026-08-14,APP-0003,vaultxt,VaultXT,android,installs,2,google_store_performance,2026-10-09T02:20:53+00:00
2026-08-14,APP-0003,vaultxt,VaultXT,android,store_visitors,4,google_store_performance,2026-10-09T02:20:53+00:00
2026-08-14,APP-0003,vaultxt,VaultXT,ios,impressions,36,apple_snapshot_discovery,2026-10-09T02:20:53+00:00
2026-08-14,APP-0003,vaultxt,VaultXT,ios,store_visitors,4,apple_snapshot_discovery,2026-10-09T02:20:53+00:00
2026-08-15,APP-0006,aligna,Aligna,android,installs,0,google_store_performance,2026-10-09T02:20:53+00:00
2026-08-15,APP-0006,aligna,Aligna,android,store_visitors,1,google_store_performance,2026-10-09T02:20:53+00:00
2026-08-15,APP-0006,aligna,Aligna,ios,impressions,23,apple_snapshot_discovery,2026-10-09T02:20:53+00:00
2026-08-15,APP-0006,aligna,Aligna,ios,store_visitors,2,apple_snapshot_discovery,2026-10-09T02:20:53+00:00
2026-08-15,APP-0005,clipnest,ClipNest,ios,impressions,41,apple_snapshot_discovery,2026-10-09T02:20:53+00:00
2026-08-15,APP-0005,clipnest,ClipNest,ios,store_visitors,3,apple_snapshot_discovery,2026-10-09T02:20:53+00:00
2026-08-15,APP-0001,quivra,Quivra,android,installs,0,google_store_performance,2026-10-09T02:20:53+00:00
2026-08-15,APP-0001,quivra,Quivra,android,store_visitors,2,google_store_performance,2026-10-09T02:20:53+00:00
2026-08-15,APP-0001,quivra,Quivra,ios,impressions,3,apple_snapshot_discovery,2026-10-09T02:20:53+00:00
2026-08-15,APP-0001,quivra,Quivra,ios,store_visitors,1,apple_snapshot_discovery,2026-10-09T02:20:53+00:00
2026-08-15,APP-0004,segra,Segra,ios,impressions,62,apple_snapshot_discovery,2026-10-09T02:20:53+00:00
2026-08-15,APP-0002,tagweaver,TagWeaver,android,installs,7,google_store_performance,2026-10-09T02:20:53+00:00
2026-08-15,APP-0002,tagweaver,TagWeaver,android,store_visitors,16,google_store_performance,2026-10-09T02:20:53+00:00
2026-08-15,APP-0002,tagweaver,TagWeaver,ios,impressions,91,apple_snapshot_discovery,2026-10-09T02:20:53+00:00
2026-08-15,APP-0002,tagweaver,TagWeaver,ios,store_visitors,10,apple_snapshot_discovery,2026-10-09T02:20:53+00:00
2026-08-15,APP-0003,vaultxt,VaultXT,android,installs,4,google_store_performance,2026-10-09T02:20:53+00:00
2026-08-15,APP-0003,vaultxt,VaultXT,android,purchases,1,google_estimated_sales,2026-10-09T02:20:53+00:00
2026-08-15,APP-0003,vaultxt,VaultXT,android,store_visitors,5,google_store_performance,2026-10-09T02:20:53+00:00
2026-08-15,APP-0003,vaultxt,VaultXT,ios,impressions,39,apple_snapshot_discovery,2026-10-09T02:20:53+00:00
2026-08-15,APP-0003,vaultxt,VaultXT,ios,store_visitors,2,apple_snapshot_discovery,2026-10-09T02:20:53+00:00
2026-08-16,APP-0006,aligna,Aligna,android,installs,1,google_store_performance,2026-10-09T02:20:53+00:00
2026-08-16,APP-0006,aligna,Aligna,android,store_visitors,3,google_store_performance,2026-10-09T02:20:53+00:00
2026-08-16,APP-0006,aligna,Aligna,ios,impressions,31,apple_snapshot_discovery,2026-10-09T02:20:53+00:00
2026-08-16,APP-0006,aligna,Aligna,ios,store_visitors,1,apple_snapshot_discovery,2026-10-09T02:20:53+00:00
2026-08-16,APP-0005,clipnest,ClipNest,ios,impressions,64,apple_snapshot_discovery,2026-10-09T02:20:53+00:00
2026-08-16,APP-0005,clipnest,ClipNest,ios,store_visitors,6,apple_snapshot_discovery,2026-10-09T02:20:53+00:00
2026-08-16,APP-0001,quivra,Quivra,android,installs,0,google_store_performance,2026-10-09T02:20:53+00:00
2026-08-16,APP-0001,quivra,Quivra,android,store_visitors,4,google_store_performance,2026-10-09T02:20:53+00:00
2026-08-16,APP-0001,quivra,Quivra,ios,impressions,4,apple_snapshot_discovery,2026-10-09T02:20:53+00:00
2026-08-16,APP-0004,segra,Segra,android,installs,0,google_store_performance,2026-10-09T02:20:53+00:00
2026-08-16,APP-0004,segra,Segra,android,store_visitors,1,google_store_performance,2026-10-09T02:20:53+00:00
2026-08-16,APP-0004,segra,Segra,ios,impressions,79,apple_snapshot_discovery,2026-10-09T02:20:53+00:00
2026-08-16,APP-0004,segra,Segra,ios,store_visitors,2,apple_snapshot_discovery,2026-10-09T02:20:53+00:00
2026-08-16,APP-0002,tagweaver,TagWeaver,android,installs,4,google_store_performance,2026-10-09T02:20:53+00:00
2026-08-16,APP-0002,tagweaver,TagWeaver,android,store_visitors,12,google_store_performance,2026-10-09T02:20:53+00:00
2026-08-16,APP-0002,tagweaver,TagWeaver,ios,impressions,116,apple_snapshot_discovery,2026-10-09T02:20:53+00:00
2026-08-16,APP-0002,tagweaver,TagWeaver,ios,store_visitors,16,apple_snapshot_discovery,2026-10-09T02:20:53+00:00
2026-08-16,APP-0003,vaultxt,VaultXT,android,installs,1,google_store_performance,2026-10-09T02:20:53+00:00
2026-08-16,APP-0003,vaultxt,VaultXT,android,store_visitors,3,google_store_performance,2026-10-09T02:20:53+00:00
2026-08-16,APP-0003,vaultxt,VaultXT,ios,impressions,26,apple_snapshot_discovery,2026-10-09T02:20:53+00:00
2026-08-16,APP-0003,vaultxt,VaultXT,ios,store_visitors,2,apple_snapshot_discovery,2026-10-09T02:20:53+00:00
2026-08-17,APP-0006,aligna,Aligna,android,installs,2,google_store_performance,2026-10-09T02:20:53+00:00
2026-08-17,APP-0006,aligna,Aligna,android,store_visitors,6,google_store_performance,2026-10-09T02:20:53+00:00
2026-08-17,APP-0006,aligna,Aligna,ios,impressions,30,apple_snapshot_discovery,2026-10-09T02:20:53+00:00
2026-08-17,APP-0006,aligna,Aligna,ios,store_visitors,6,apple_snapshot_discovery,2026-10-09T02:20:53+00:00
2026-08-17,APP-0005,clipnest,ClipNest,ios,impressions,49,apple_snapshot_discovery,2026-10-09T02:20:53+00:00
2026-08-17,APP-0001,quivra,Quivra,android,installs,0,google_store_performance,2026-10-09T02:20:53+00:00
2026-08-17,APP-0001,quivra,Quivra,android,store_visitors,3,google_store_performance,2026-10-09T02:20:53+00:00
2026-08-17,APP-0001,quivra,Quivra,ios,impressions,8,apple_snapshot_discovery,2026-10-09T02:20:53+00:00
2026-08-17,APP-0001,quivra,Quivra,ios,store_visitors,1,apple_snapshot_discovery,2026-10-09T02:20:53+00:00
2026-08-17,APP-0004,segra,Segra,ios,impressions,71,apple_snapshot_discovery,2026-10-09T02:20:53+00:00
2026-08-17,APP-0002,tagweaver,TagWeaver,android,installs,1,google_store_performance,2026-10-09T02:20:53+00:00
2026-08-17,APP-0002,tagweaver,TagWeaver,android,store_visitors,5,google_store_performance,2026-10-09T02:20:53+00:00
2026-08-17,APP-0002,tagweaver,TagWeaver,ios,impressions,79,apple_snapshot_discovery,2026-10-09T02:20:53+00:00
2026-08-17,APP-0002,tagweaver,TagWeaver,ios,store_visitors,9,apple_snapshot_discovery,2026-10-09T02:20:53+00:00
2026-08-17,APP-0003,vaultxt,VaultXT,android,installs,1,google_store_performance,2026-10-09T02:20:53+00:00
2026-08-17,APP-0003,vaultxt,VaultXT,android,store_visitors,4,google_store_performance,2026-10-09T02:20:53+00:00
2026-08-17,APP-0003,vaultxt,VaultXT,ios,impressions,26,apple_snapshot_discovery,2026-10-09T02:20:53+00:00
2026-08-18,APP-0006,aligna,Aligna,android,installs,1,google_store_performance,2026-10-09T02:20:53+00:00
2026-08-18,APP-0006,aligna,Aligna,android,store_visitors,1,google_store_performance,2026-10-09T02:20:53+00:00
2026-08-18,APP-0006,aligna,Aligna,ios,impressions,38,apple_snapshot_discovery,2026-10-09T02:20:53+00:00
2026-08-18,APP-0006,aligna,Aligna,ios,store_visitors,5,apple_snapshot_discovery,2026-10-09T02:20:53+00:00
2026-08-18,APP-0005,clipnest,ClipNest,ios,impressions,29,apple_snapshot_discovery,2026-10-09T02:20:53+00:00
2026-08-18,APP-0005,clipnest,ClipNest,ios,store_visitors,2,apple_snapshot_discovery,2026-10-09T02:20:53+00:00
2026-08-18,APP-0001,quivra,Quivra,android,installs,0,google_store_performance,2026-10-09T02:20:53+00:00
2026-08-18,APP-0001,quivra,Quivra,android,store_visitors,12,google_store_performance,2026-10-09T02:20:53+00:00
2026-08-18,APP-0004,segra,Segra,android,installs,0,google_store_performance,2026-10-09T02:20:53+00:00
2026-08-18,APP-0004,segra,Segra,android,store_visitors,1,google_store_performance,2026-10-09T02:20:53+00:00
2026-08-18,APP-0004,segra,Segra,ios,impressions,73,apple_snapshot_discovery,2026-10-09T02:20:53+00:00
2026-08-18,APP-0004,segra,Segra,ios,store_visitors,1,apple_snapshot_discovery,2026-10-09T02:20:53+00:00
2026-08-18,APP-0002,tagweaver,TagWeaver,android,installs,12,google_store_performance,2026-10-09T02:20:53+00:00
2026-08-18,APP-0002,tagweaver,TagWeaver,android,store_visitors,30,google_store_performance,2026-10-09T02:20:53+00:00
2026-08-18,APP-0002,tagweaver,TagWeaver,ios,impressions,76,apple_snapshot_discovery,2026-10-09T02:20:53+00:00
2026-08-18,APP-0002,tagweaver,TagWeaver,ios,store_visitors,23,apple_snapshot_discovery,2026-10-09T02:20:53+00:00
2026-08-18,APP-0003,vaultxt,VaultXT,android,installs,2,google_store_performance,2026-10-09T02:20:53+00:00
2026-08-18,APP-0003,vaultxt,VaultXT,android,store_visitors,8,google_store_performance,2026-10-09T02:20:53+00:00
2026-08-18,APP-0003,vaultxt,VaultXT,ios,impressions,36,apple_snapshot_discovery,2026-10-09T02:20:53+00:00
2026-08-18,APP-0003,vaultxt,VaultXT,ios,store_visitors,8,apple_snapshot_discovery,2026-10-09T02:20:53+00:00
2026-08-19,APP-0006,aligna,Aligna,ios,impressions,13,apple_snapshot_discovery,2026-10-09T02:20:53+00:00
2026-08-19,APP-0005,clipnest,ClipNest,ios,impressions,29,apple_snapshot_discovery,2026-10-09T02:20:53+00:00
2026-08-19,APP-0005,clipnest,ClipNest,ios,store_visitors,2,apple_snapshot_discovery,2026-10-09T02:20:53+00:00
2026-08-19,APP-0001,quivra,Quivra,android,installs,0,google_store_performance,2026-10-09T02:20:53+00:00
2026-08-19,APP-0001,quivra,Quivra,android,store_visitors,3,google_store_performance,2026-10-09T02:20:53+00:00
2026-08-19,APP-0001,quivra,Quivra,ios,impressions,3,apple_snapshot_discovery,2026-10-09T02:20:53+00:00
2026-08-19,APP-0004,segra,Segra,android,installs,0,google_store_performance,2026-10-09T02:20:53+00:00
2026-08-19,APP-0004,segra,Segra,android,store_visitors,3,google_store_performance,2026-10-09T02:20:53+00:00
2026-08-19,APP-0004,segra,Segra,ios,impressions,84,apple_snapshot_discovery,2026-10-09T02:20:53+00:00
2026-08-19,APP-0004,segra,Segra,ios,store_visitors,2,apple_snapshot_discovery,2026-10-09T02:20:53+00:00
2026-08-19,APP-0002,tagweaver,TagWeaver,android,installs,7,google_store_performance,2026-10-09T02:20:53+00:00
2026-08-19,APP-0002,tagweaver,TagWeaver,android,store_visitors,19,google_store_performance,2026-10-09T02:20:53+00:00
2026-08-19,APP-0002,tagweaver,TagWeaver,ios,impressions,66,apple_snapshot_discovery,2026-10-09T02:20:53+00:00
2026-08-19,APP-0002,tagweaver,TagWeaver,ios,purchases,1,apple_snapshot_purchases,2026-10-09T02:20:53+00:00
2026-08-19,APP-0002,tagweaver,TagWeaver,ios,store_visitors,10,apple_snapshot_discovery,2026-10-09T02:20:53+00:00
2026-08-19,APP-0003,vaultxt,VaultXT,android,installs,2,google_store_performance,2026-10-09T02:20:53+00:00
2026-08-19,APP-0003,vaultxt,VaultXT,android,store_visitors,6,google_store_performance,2026-10-09T02:20:53+00:00
2026-08-19,APP-0003,vaultxt,VaultXT,ios,impressions,12,apple_snapshot_discovery,2026-10-09T02:20:53+00:00
2026-08-19,APP-0003,vaultxt,VaultXT,ios,store_visitors,3,apple_snapshot_discovery,2026-10-09T02:20:53+00:00
2026-08-20,APP-0006,aligna,Aligna,android,installs,0,google_store_performance,2026-10-09T02:20:53+00:00
2026-08-20,APP-0006,aligna,Aligna,android,store_visitors,1,google_store_performance,2026-10-09T02:20:53+00:00
2026-08-20,APP-0006,aligna,Aligna,ios,impressions,20,apple_snapshot_discovery,2026-10-09T02:20:53+00:00
2026-08-20,APP-0006,aligna,Aligna,ios,store_visitors,4,apple_snapshot_discovery,2026-10-09T02:20:53+00:00
2026-08-20,APP-0005,clipnest,ClipNest,ios,impressions,17,apple_snapshot_discovery,2026-10-09T02:20:53+00:00
2026-08-20,APP-0001,quivra,Quivra,android,installs,0,google_store_performance,2026-10-09T02:20:53+00:00
2026-08-20,APP-0001,quivra,Quivra,android,purchases,1,google_estimated_sales,2026-10-09T02:20:53+00:00
2026-08-20,APP-0001,quivra,Quivra,android,store_visitors,6,google_store_performance,2026-10-09T02:20:53+00:00
2026-08-20,APP-0001,quivra,Quivra,ios,impressions,4,apple_snapshot_discovery,2026-10-09T02:20:53+00:00
2026-08-20,APP-0004,segra,Segra,ios,impressions,66,apple_snapshot_discovery,2026-10-09T02:20:53+00:00
2026-08-20,APP-0004,segra,Segra,ios,store_visitors,10,apple_snapshot_discovery,2026-10-09T02:20:53+00:00
2026-08-20,APP-0002,tagweaver,TagWeaver,android,installs,7,google_store_performance,2026-10-09T02:20:53+00:00
2026-08-20,APP-0002,tagweaver,TagWeaver,android,store_visitors,17,google_store_performance,2026-10-09T02:20:53+00:00
2026-08-20,APP-0002,tagweaver,TagWeaver,ios,impressions,77,apple_snapshot_discovery,2026-10-09T02:20:53+00:00
2026-08-20,APP-0002,tagweaver,TagWeaver,ios,store_visitors,8,apple_snapshot_discovery,2026-10-09T02:20:53+00:00
2026-08-20,APP-0003,vaultxt,VaultXT,android,installs,1,google_store_performance,2026-10-09T02:20:53+00:00
2026-08-20,APP-0003,vaultxt,VaultXT,android,store_visitors,5,google_store_performance,2026-10-09T02:20:53+00:00
2026-08-20,APP-0003,vaultxt,VaultXT,ios,impressions,20,apple_snapshot_discovery,2026-10-09T02:20:53+00:00
2026-08-21,APP-0006,aligna,Aligna,ios,impressions,10,apple_snapshot_discovery,2026-10-09T02:20:53+00:00
2026-08-21,APP-0006,aligna,Aligna,ios,store_visitors,1,apple_snapshot_discovery,2026-10-09T02:20:53+00:00
2026-08-21,APP-0005,clipnest,ClipNest,ios,impressions,15,apple_snapshot_discovery,2026-10-09T02:20:53+00:00
2026-08-21,APP-0001,quivra,Quivra,android,installs,0,google_store_performance,2026-10-09T02:20:53+00:00
2026-08-21,APP-0001,quivra,Quivra,android,store_visitors,2,google_store_performance,2026-10-09T02:20:53+00:00
2026-08-21,APP-0001,quivra,Quivra,ios,impressions,5,apple_snapshot_discovery,2026-10-09T02:20:53+00:00
2026-08-21,APP-0004,segra,Segra,android,installs,0,google_store_performance,2026-10-09T02:20:53+00:00
2026-08-21,APP-0004,segra,Segra,android,store_visitors,1,google_store_performance,2026-10-09T02:20:53+00:00
2026-08-21,APP-0004,segra,Segra,ios,impressions,91,apple_snapshot_discovery,2026-10-09T02:20:53+00:00
2026-08-21,APP-0004,segra,Segra,ios,store_visitors,7,apple_snapshot_discovery,2026-10-09T02:20:53+00:00
2026-08-21,APP-0002,tagweaver,TagWeaver,android,installs,7,google_store_performance,2026-10-09T02:20:53+00:00
2026-08-21,APP-0002,tagweaver,TagWeaver,android,store_visitors,25,google_store_performance,2026-10-09T02:20:53+00:00
2026-08-21,APP-0002,tagweaver,TagWeaver,ios,impressions,91,apple_snapshot_discovery,2026-10-09T02:20:53+00:00
2026-08-21,APP-0002,tagweaver,TagWeaver,ios,purchases,1,apple_snapshot_purchases,2026-10-09T02:20:53+00:00
2026-08-21,APP-0002,tagweaver,TagWeaver,ios,store_visitors,12,apple_snapshot_discovery,2026-10-09T02:20:53+00:00
2026-08-21,APP-0003,vaultxt,VaultXT,android,installs,0,google_store_performance,2026-10-09T02:20:53+00:00
2026-08-21,APP-0003,vaultxt,VaultXT,android,store_visitors,4,google_store_performance,2026-10-09T02:20:53+00:00
2026-08-21,APP-0003,vaultxt,VaultXT,ios,impressions,18,apple_snapshot_discovery,2026-10-09T02:20:53+00:00
2026-08-21,APP-0003,vaultxt,VaultXT,ios,store_visitors,1,apple_snapshot_discovery,2026-10-09T02:20:53+00:00
2026-08-22,APP-0006,aligna,Aligna,ios,impressions,24,apple_snapshot_discovery,2026-10-09T02:20:53+00:00
2026-08-22,APP-0006,aligna,Aligna,ios,store_visitors,3,apple_snapshot_discovery,2026-10-09T02:20:53+00:00
2026-08-22,APP-0005,clipnest,ClipNest,ios,impressions,20,apple_snapshot_discovery,2026-10-09T02:20:53+00:00
2026-08-22,APP-0005,clipnest,ClipNest,ios,store_visitors,4,apple_snapshot_discovery,2026-10-09T02:20:53+00:00
2026-08-22,APP-0001,quivra,Quivra,android,installs,0,google_store_performance,2026-10-09T02:20:53+00:00
2026-08-22,APP-0001,quivra,Quivra,android,store_visitors,6,google_store_performance,2026-10-09T02:20:53+00:00
2026-08-22,APP-0001,quivra,Quivra,ios,impressions,1,apple_snapshot_discovery,2026-10-09T02:20:53+00:00
2026-08-22,APP-0004,segra,Segra,android,installs,1,google_store_performance,2026-10-09T02:20:53+00:00
2026-08-22,APP-0004,segra,Segra,android,store_visitors,4,google_store_performance,2026-10-09T02:20:53+00:00
2026-08-22,APP-0004,segra,Segra,ios,impressions,116,apple_snapshot_discovery,2026-10-09T02:20:53+00:00
2026-08-22,APP-0004,segra,Segra,ios,store_visitors,4,apple_snapshot_discovery,2026-10-09T02:20:53+00:00
2026-08-22,APP-0002,tagweaver,TagWeaver,android,installs,15,google_store_performance,2026-10-09T02:20:53+00:00
2026-08-22,APP-0002,tagweaver,TagWeaver,android,store_visitors,41,google_store_performance,2026-10-09T02:20:53+00:00
2026-08-22,APP-0002,tagweaver,TagWeaver,ios,impressions,67,apple_snapshot_discovery,2026-10-09T02:20:53+00:00
2026-08-22,APP-0002,tagweaver,TagWeaver,ios,store_visitors,6,apple_snapshot_discovery,2026-10-09T02:20:53+00:00
2026-08-22,APP-0003,vaultxt,VaultXT,android,installs,2,google_store_performance,2026-10-09T02:20:53+00:00
2026-08-22,APP-0003,vaultxt,VaultXT,android,store_visitors,7,google_store_performance,2026-10-09T02:20:53+00:00
2026-08-22,APP-0003,vaultxt,VaultXT,ios,impressions,5,apple_snapshot_discovery,2026-10-09T02:20:53+00:00
2026-08-22,APP-0003,vaultxt,VaultXT,ios,store_visitors,2,apple_snapshot_discovery,2026-10-09T02:20:53+00:00
2026-08-23,APP-0006,aligna,Aligna,android,installs,1,google_store_performance,2026-10-09T02:20:53+00:00
2026-08-23,APP-0006,aligna,Aligna,android,store_visitors,1,google_store_performance,2026-10-09T02:20:53+00:00
2026-08-23,APP-0006,aligna,Aligna,ios,impressions,20,apple_snapshot_discovery,2026-10-09T02:20:53+00:00
2026-08-23,APP-0006,aligna,Aligna,ios,store_visitors,1,apple_snapshot_discovery,2026-10-09T02:20:53+00:00
2026-08-23,APP-0005,clipnest,ClipNest,ios,impressions,20,apple_snapshot_discovery,2026-10-09T02:20:53+00:00
2026-08-23,APP-0001,quivra,Quivra,android,installs,0,google_store_performance,2026-10-09T02:20:53+00:00
2026-08-23,APP-0001,quivra,Quivra,android,store_visitors,3,google_store_performance,2026-10-09T02:20:53+00:00
2026-08-23,APP-0001,quivra,Quivra,ios,impressions,5,apple_snapshot_discovery,2026-10-09T02:20:53+00:00
2026-08-23,APP-0004,segra,Segra,android,installs,0,google_store_performance,2026-10-09T02:20:53+00:00
2026-08-23,APP-0004,segra,Segra,android,store_visitors,2,google_store_performance,2026-10-09T02:20:53+00:00
2026-08-23,APP-0004,segra,Segra,ios,impressions,165,apple_snapshot_discovery,2026-10-09T02:20:53+00:00
2026-08-23,APP-0004,segra,Segra,ios,store_visitors,2,apple_snapshot_discovery,2026-10-09T02:20:53+00:00
2026-08-23,APP-0002,tagweaver,TagWeaver,android,installs,7,google_store_performance,2026-10-09T02:20:53+00:00
2026-08-23,APP-0002,tagweaver,TagWeaver,android,store_visitors,22,google_store_performance,2026-10-09T02:20:53+00:00
2026-08-23,APP-0002,tagweaver,TagWeaver,ios,impressions,79,apple_snapshot_discovery,2026-10-09T02:20:53+00:00
2026-08-23,APP-0002,tagweaver,TagWeaver,ios,store_visitors,6,apple_snapshot_discovery,2026-10-09T02:20:53+00:00
2026-08-23,APP-0003,vaultxt,VaultXT,android,installs,1,google_store_performance,2026-10-09T02:20:53+00:00
2026-08-23,APP-0003,vaultxt,VaultXT,android,store_visitors,2,google_store_performance,2026-10-09T02:20:53+00:00
2026-08-23,APP-0003,vaultxt,VaultXT,ios,impressions,17,apple_snapshot_discovery,2026-10-09T02:20:53+00:00
2026-08-23,APP-0003,vaultxt,VaultXT,ios,store_visitors,4,apple_snapshot_discovery,2026-10-09T02:20:53+00:00
2026-08-24,APP-0006,aligna,Aligna,android,installs,1,google_store_performance,2026-10-09T02:20:53+00:00
2026-08-24,APP-0006,aligna,Aligna,android,store_visitors,2,google_store_performance,2026-10-09T02:20:53+00:00
2026-08-24,APP-0006,aligna,Aligna,ios,impressions,17,apple_snapshot_discovery,2026-10-09T02:20:53+00:00
2026-08-24,APP-0006,aligna,Aligna,ios,store_visitors,4,apple_snapshot_discovery,2026-10-09T02:20:53+00:00
2026-08-24,APP-0005,clipnest,ClipNest,ios,impressions,35,apple_snapshot_discovery,2026-10-09T02:20:53+00:00
2026-08-24,APP-0005,clipnest,ClipNest,ios,store_visitors,3,apple_snapshot_discovery,2026-10-09T02:20:53+00:00
2026-08-24,APP-0001,quivra,Quivra,android,installs,0,google_store_performance,2026-10-09T02:20:53+00:00
2026-08-24,APP-0001,quivra,Quivra,android,store_visitors,3,google_store_performance,2026-10-09T02:20:53+00:00
2026-08-24,APP-0001,quivra,Quivra,ios,impressions,10,apple_snapshot_discovery,2026-10-09T02:20:53+00:00
2026-08-24,APP-0004,segra,Segra,android,installs,0,google_store_performance,2026-10-09T02:20:53+00:00
2026-08-24,APP-0004,segra,Segra,android,store_visitors,1,google_store_performance,2026-10-09T02:20:53+00:00
2026-08-24,APP-0004,segra,Segra,ios,impressions,130,apple_snapshot_discovery,2026-10-09T02:20:53+00:00
2026-08-24,APP-0004,segra,Segra,ios,store_visitors,1,apple_snapshot_discovery,2026-10-09T02:20:53+00:00
2026-08-24,APP-0002,tagweaver,TagWeaver,android,installs,10,google_store_performance,2026-10-09T02:20:53+00:00
2026-08-24,APP-0002,tagweaver,TagWeaver,android,store_visitors,25,google_store_performance,2026-10-09T02:20:53+00:00
2026-08-24,APP-0002,tagweaver,TagWeaver,ios,impressions,78,apple_snapshot_discovery,2026-10-09T02:20:53+00:00
2026-08-24,APP-0002,tagweaver,TagWeaver,ios,purchases,1,apple_snapshot_purchases,2026-10-09T02:20:53+00:00
2026-08-24,APP-0002,tagweaver,TagWeaver,ios,store_visitors,15,apple_snapshot_discovery,2026-10-09T02:20:53+00:00
2026-08-24,APP-0003,vaultxt,VaultXT,android,installs,1,google_store_performance,2026-10-09T02:20:53+00:00
2026-08-24,APP-0003,vaultxt,VaultXT,android,store_visitors,2,google_store_performance,2026-10-09T02:20:53+00:00
2026-08-24,APP-0003,vaultxt,VaultXT,ios,impressions,28,apple_snapshot_discovery,2026-10-09T02:20:53+00:00
2026-08-24,APP-0003,vaultxt,VaultXT,ios,store_visitors,2,apple_snapshot_discovery,2026-10-09T02:20:53+00:00
2026-08-25,APP-0006,aligna,Aligna,android,installs,2,google_store_performance,2026-10-09T02:20:53+00:00
2026-08-25,APP-0006,aligna,Aligna,android,store_visitors,2,google_store_performance,2026-10-09T02:20:53+00:00
2026-08-25,APP-0006,aligna,Aligna,ios,impressions,17,apple_snapshot_discovery,2026-10-09T02:20:53+00:00
2026-08-25,APP-0006,aligna,Aligna,ios,store_visitors,3,apple_snapshot_discovery,2026-10-09T02:20:53+00:00
2026-08-25,APP-0005,clipnest,ClipNest,ios,impressions,38,apple_snapshot_discovery,2026-10-09T02:20:53+00:00
2026-08-25,APP-0005,clipnest,ClipNest,ios,store_visitors,3,apple_snapshot_discovery,2026-10-09T02:20:53+00:00
2026-08-25,APP-0001,quivra,Quivra,android,installs,0,google_store_performance,2026-10-09T02:20:53+00:00
2026-08-25,APP-0001,quivra,Quivra,android,purchases,0,google_estimated_sales,2026-10-09T02:20:53+00:00
2026-08-25,APP-0001,quivra,Quivra,android,store_visitors,3,google_store_performance,2026-10-09T02:20:53+00:00
2026-08-25,APP-0001,quivra,Quivra,ios,impressions,7,apple_snapshot_discovery,2026-10-09T02:20:53+00:00
2026-08-25,APP-0004,segra,Segra,ios,impressions,105,apple_snapshot_discovery,2026-10-09T02:20:53+00:00
2026-08-25,APP-0004,segra,Segra,ios,store_visitors,1,apple_snapshot_discovery,2026-10-09T02:20:53+00:00
2026-08-25,APP-0002,tagweaver,TagWeaver,android,installs,1,google_store_performance,2026-10-09T02:20:53+00:00
2026-08-25,APP-0002,tagweaver,TagWeaver,android,store_visitors,20,google_store_performance,2026-10-09T02:20:53+00:00
2026-08-25,APP-0002,tagweaver,TagWeaver,ios,impressions,83,apple_snapshot_discovery,2026-10-09T02:20:53+00:00
2026-08-25,APP-0002,tagweaver,TagWeaver,ios,store_visitors,6,apple_snapshot_discovery,2026-10-09T02:20:53+00:00
2026-08-25,APP-0003,vaultxt,VaultXT,ios,impressions,67,apple_snapshot_discovery,2026-10-09T02:20:53+00:00
2026-08-25,APP-0003,vaultxt,VaultXT,ios,store_visitors,8,apple_snapshot_discovery,2026-10-09T02:20:53+00:00
2026-08-26,APP-0006,aligna,Aligna,android,installs,0,google_store_performance,2026-10-09T02:20:53+00:00
2026-08-26,APP-0006,aligna,Aligna,android,store_visitors,1,google_store_performance,2026-10-09T02:20:53+00:00
2026-08-26,APP-0006,aligna,Aligna,ios,impressions,23,apple_snapshot_discovery,2026-10-09T02:20:53+00:00
2026-08-26,APP-0006,aligna,Aligna,ios,store_visitors,3,apple_snapshot_discovery,2026-10-09T02:20:53+00:00
2026-08-26,APP-0005,clipnest,ClipNest,ios,impressions,53,apple_snapshot_discovery,2026-10-09T02:20:53+00:00
2026-08-26,APP-0005,clipnest,ClipNest,ios,store_visitors,2,apple_snapshot_discovery,2026-10-09T02:20:53+00:00
2026-08-26,APP-0001,quivra,Quivra,android,installs,0,google_store_performance,2026-10-09T02:20:53+00:00
2026-08-26,APP-0001,quivra,Quivra,android,store_visitors,3,google_store_performance,2026-10-09T02:20:53+00:00
2026-08-26,APP-0001,quivra,Quivra,ios,impressions,9,apple_snapshot_discovery,2026-10-09T02:20:53+00:00
2026-08-26,APP-0001,quivra,Quivra,ios,store_visitors,1,apple_snapshot_discovery,2026-10-09T02:20:53+00:00
2026-08-26,APP-0004,segra,Segra,ios,impressions,110,apple_snapshot_discovery,2026-10-09T02:20:53+00:00
2026-08-26,APP-0004,segra,Segra,ios,store_visitors,1,apple_snapshot_discovery,2026-10-09T02:20:53+00:00
2026-08-26,APP-0002,tagweaver,TagWeaver,android,installs,9,google_store_performance,2026-10-09T02:20:53+00:00
2026-08-26,APP-0002,tagweaver,TagWeaver,android,store_visitors,27,google_store_performance,2026-10-09T02:20:53+00:00
2026-08-26,APP-0002,tagweaver,TagWeaver,ios,impressions,90,apple_snapshot_discovery,2026-10-09T02:20:53+00:00
2026-08-26,APP-0002,tagweaver,TagWeaver,ios,store_visitors,4,apple_snapshot_discovery,2026-10-09T02:20:53+00:00
2026-08-26,APP-0003,vaultxt,VaultXT,android,installs,2,google_store_performance,2026-10-09T02:20:53+00:00
2026-08-26,APP-0003,vaultxt,VaultXT,android,store_visitors,8,google_store_performance,2026-10-09T02:20:53+00:00
2026-08-26,APP-0003,vaultxt,VaultXT,ios,impressions,28,apple_snapshot_discovery,2026-10-09T02:20:53+00:00
2026-08-27,APP-0006,aligna,Aligna,android,installs,1,google_store_performance,2026-10-09T02:20:53+00:00
2026-08-27,APP-0006,aligna,Aligna,android,store_visitors,2,google_store_performance,2026-10-09T02:20:53+00:00
2026-08-27,APP-0006,aligna,Aligna,ios,impressions,25,apple_snapshot_discovery,2026-10-09T02:20:53+00:00
2026-08-27,APP-0006,aligna,Aligna,ios,store_visitors,2,apple_snapshot_discovery,2026-10-09T02:20:53+00:00
2026-08-27,APP-0005,clipnest,ClipNest,ios,impressions,37,apple_snapshot_discovery,2026-10-09T02:20:53+00:00
2026-08-27,APP-0001,quivra,Quivra,android,installs,0,google_store_performance,2026-10-09T02:20:53+00:00
2026-08-27,APP-0001,quivra,Quivra,android,store_visitors,6,google_store_performance,2026-10-09T02:20:53+00:00
2026-08-27,APP-0001,quivra,Quivra,ios,impressions,13,apple_snapshot_discovery,2026-10-09T02:20:53+00:00
2026-08-27,APP-0001,quivra,Quivra,ios,store_visitors,1,apple_snapshot_discovery,2026-10-09T02:20:53+00:00
2026-08-27,APP-0004,segra,Segra,ios,impressions,69,apple_snapshot_discovery,2026-10-09T02:20:53+00:00
2026-08-27,APP-0004,segra,Segra,ios,store_visitors,3,apple_snapshot_discovery,2026-10-09T02:20:53+00:00
2026-08-27,APP-0002,tagweaver,TagWeaver,android,installs,10,google_store_performance,2026-10-09T02:20:53+00:00
2026-08-27,APP-0002,tagweaver,TagWeaver,android,store_visitors,30,google_store_performance,2026-10-09T02:20:53+00:00
2026-08-27,APP-0002,tagweaver,TagWeaver,ios,impressions,167,apple_snapshot_discovery,2026-10-09T02:20:53+00:00
2026-08-27,APP-0002,tagweaver,TagWeaver,ios,store_visitors,10,apple_snapshot_discovery,2026-10-09T02:20:53+00:00
2026-08-27,APP-0003,vaultxt,VaultXT,android,installs,2,google_store_performance,2026-10-09T02:20:53+00:00
2026-08-27,APP-0003,vaultxt,VaultXT,android,store_visitors,5,google_store_performance,2026-10-09T02:20:53+00:00
2026-08-27,APP-0003,vaultxt,VaultXT,ios,impressions,45,apple_snapshot_discovery,2026-10-09T02:20:53+00:00
2026-08-27,APP-0003,vaultxt,VaultXT,ios,store_visitors,1,apple_snapshot_discovery,2026-10-09T02:20:53+00:00
2026-08-28,APP-0006,aligna,Aligna,android,installs,2,google_store_performance,2026-10-09T02:20:53+00:00
2026-08-28,APP-0006,aligna,Aligna,android,store_visitors,3,google_store_performance,2026-10-09T02:20:53+00:00
2026-08-28,APP-0006,aligna,Aligna,ios,impressions,27,apple_snapshot_discovery,2026-10-09T02:20:53+00:00
2026-08-28,APP-0006,aligna,Aligna,ios,store_visitors,3,apple_snapshot_discovery,2026-10-09T02:20:53+00:00
2026-08-28,APP-0005,clipnest,ClipNest,ios,impressions,70,apple_snapshot_discovery,2026-10-09T02:20:53+00:00
2026-08-28,APP-0005,clipnest,ClipNest,ios,store_visitors,4,apple_snapshot_discovery,2026-10-09T02:20:53+00:00
2026-08-28,APP-0001,quivra,Quivra,android,installs,0,google_store_performance,2026-10-09T02:20:53+00:00
2026-08-28,APP-0001,quivra,Quivra,android,store_visitors,1,google_store_performance,2026-10-09T02:20:53+00:00
2026-08-28,APP-0001,quivra,Quivra,ios,impressions,10,apple_snapshot_discovery,2026-10-09T02:20:53+00:00
2026-08-28,APP-0001,quivra,Quivra,ios,store_visitors,1,apple_snapshot_discovery,2026-10-09T02:20:53+00:00
2026-08-28,APP-0004,segra,Segra,android,installs,0,google_store_performance,2026-10-09T02:20:53+00:00
2026-08-28,APP-0004,segra,Segra,android,store_visitors,1,google_store_performance,2026-10-09T02:20:53+00:00
2026-08-28,APP-0004,segra,Segra,ios,impressions,105,apple_snapshot_discovery,2026-10-09T02:20:53+00:00
2026-08-28,APP-0004,segra,Segra,ios,store_visitors,4,apple_snapshot_discovery,2026-10-09T02:20:53+00:00
2026-08-28,APP-0002,tagweaver,TagWeaver,android,installs,11,google_store_performance,2026-10-09T02:20:53+00:00
2026-08-28,APP-0002,tagweaver,TagWeaver,android,store_visitors,38,google_store_performance,2026-10-09T02:20:53+00:00
2026-08-28,APP-0002,tagweaver,TagWeaver,ios,impressions,180,apple_snapshot_discovery,2026-10-09T02:20:53+00:00
2026-08-28,APP-0002,tagweaver,TagWeaver,ios,store_visitors,11,apple_snapshot_discovery,2026-10-09T02:20:53+00:00
2026-08-28,APP-0003,vaultxt,VaultXT,android,installs,0,google_store_performance,2026-10-09T02:20:53+00:00
2026-08-28,APP-0003,vaultxt,VaultXT,android,store_visitors,4,google_store_performance,2026-10-09T02:20:53+00:00
2026-08-28,APP-0003,vaultxt,VaultXT,ios,impressions,31,apple_snapshot_discovery,2026-10-09T02:20:53+00:00
2026-08-28,APP-0003,vaultxt,VaultXT,ios,store_visitors,3,apple_snapshot_discovery,2026-10-09T02:20:53+00:00
2026-08-29,APP-0006,aligna,Aligna,android,installs,0,google_store_performance,2026-10-09T02:20:53+00:00
2026-08-29,APP-0006,aligna,Aligna,android,store_visitors,2,google_store_performance,2026-10-09T02:20:53+00:00
2026-08-29,APP-0006,aligna,Aligna,ios,impressions,25,apple_snapshot_discovery,2026-10-09T02:20:53+00:00
2026-08-29,APP-0006,aligna,Aligna,ios,store_visitors,1,apple_snapshot_discovery,2026-10-09T02:20:53+00:00
2026-08-29,APP-0005,clipnest,ClipNest,ios,impressions,30,apple_snapshot_discovery,2026-10-09T02:20:53+00:00
2026-08-29,APP-0005,clipnest,ClipNest,ios,store_visitors,1,apple_snapshot_discovery,2026-10-09T02:20:53+00:00
2026-08-29,APP-0001,quivra,Quivra,android,installs,0,google_store_performance,2026-10-09T02:20:53+00:00
2026-08-29,APP-0001,quivra,Quivra,android,store_visitors,8,google_store_performance,2026-10-09T02:20:53+00:00
2026-08-29,APP-0001,quivra,Quivra,ios,impressions,10,apple_snapshot_discovery,2026-10-09T02:20:53+00:00
2026-08-29,APP-0004,segra,Segra,android,installs,0,google_store_performance,2026-10-09T02:20:53+00:00
2026-08-29,APP-0004,segra,Segra,android,store_visitors,1,google_store_performance,2026-10-09T02:20:53+00:00
2026-08-29,APP-0004,segra,Segra,ios,impressions,77,apple_snapshot_discovery,2026-10-09T02:20:53+00:00
2026-08-29,APP-0004,segra,Segra,ios,store_visitors,2,apple_snapshot_discovery,2026-10-09T02:20:53+00:00
2026-08-29,APP-0002,tagweaver,TagWeaver,android,installs,12,google_store_performance,2026-10-09T02:20:53+00:00
2026-08-29,APP-0002,tagweaver,TagWeaver,android,store_visitors,34,google_store_performance,2026-10-09T02:20:53+00:00
2026-08-29,APP-0002,tagweaver,TagWeaver,ios,impressions,178,apple_snapshot_discovery,2026-10-09T02:20:53+00:00
2026-08-29,APP-0002,tagweaver,TagWeaver,ios,store_visitors,3,apple_snapshot_discovery,2026-10-09T02:20:53+00:00
2026-08-29,APP-0003,vaultxt,VaultXT,android,installs,2,google_store_performance,2026-10-09T02:20:53+00:00
2026-08-29,APP-0003,vaultxt,VaultXT,android,store_visitors,7,google_store_performance,2026-10-09T02:20:53+00:00
2026-08-29,APP-0003,vaultxt,VaultXT,ios,impressions,40,apple_snapshot_discovery,2026-10-09T02:20:53+00:00
2026-08-29,APP-0003,vaultxt,VaultXT,ios,store_visitors,3,apple_snapshot_discovery,2026-10-09T02:20:53+00:00
2026-08-30,APP-0006,aligna,Aligna,android,installs,1,google_store_performance,2026-10-09T02:20:53+00:00
2026-08-30,APP-0006,aligna,Aligna,android,store_visitors,1,google_store_performance,2026-10-09T02:20:53+00:00
2026-08-30,APP-0006,aligna,Aligna,ios,impressions,24,apple_snapshot_discovery,2026-10-09T02:20:53+00:00
2026-08-30,APP-0006,aligna,Aligna,ios,store_visitors,4,apple_snapshot_discovery,2026-10-09T02:20:53+00:00
2026-08-30,APP-0005,clipnest,ClipNest,ios,impressions,43,apple_snapshot_discovery,2026-10-09T02:20:53+00:00
2026-08-30,APP-0001,quivra,Quivra,android,installs,0,google_store_performance,2026-10-09T02:20:53+00:00
2026-08-30,APP-0001,quivra,Quivra,android,store_visitors,4,google_store_performance,2026-10-09T02:20:53+00:00
2026-08-30,APP-0001,quivra,Quivra,ios,impressions,9,apple_snapshot_discovery,2026-10-09T02:20:53+00:00
2026-08-30,APP-0004,segra,Segra,android,installs,1,google_store_performance,2026-10-09T02:20:53+00:00
2026-08-30,APP-0004,segra,Segra,android,store_visitors,1,google_store_performance,2026-10-09T02:20:53+00:00
2026-08-30,APP-0004,segra,Segra,ios,impressions,72,apple_snapshot_discovery,2026-10-09T02:20:53+00:00
2026-08-30,APP-0004,segra,Segra,ios,store_visitors,2,apple_snapshot_discovery,2026-10-09T02:20:53+00:00
2026-08-30,APP-0002,tagweaver,TagWeaver,android,installs,9,google_store_performance,2026-10-09T02:20:53+00:00
2026-08-30,APP-0002,tagweaver,TagWeaver,android,purchases,2,google_estimated_sales,2026-10-09T02:20:53+00:00
2026-08-30,APP-0002,tagweaver,TagWeaver,android,store_visitors,29,google_store_performance,2026-10-09T02:20:53+00:00
2026-08-30,APP-0002,tagweaver,TagWeaver,ios,impressions,119,apple_snapshot_discovery,2026-10-09T02:20:53+00:00
2026-08-30,APP-0002,tagweaver,TagWeaver,ios,store_visitors,4,apple_snapshot_discovery,2026-10-09T02:20:53+00:00
2026-08-30,APP-0003,vaultxt,VaultXT,android,installs,2,google_store_performance,2026-10-09T02:20:53+00:00
2026-08-30,APP-0003,vaultxt,VaultXT,android,store_visitors,4,google_store_performance,2026-10-09T02:20:53+00:00
2026-08-30,APP-0003,vaultxt,VaultXT,ios,impressions,40,apple_snapshot_discovery,2026-10-09T02:20:53+00:00
2026-08-30,APP-0003,vaultxt,VaultXT,ios,store_visitors,1,apple_snapshot_discovery,2026-10-09T02:20:53+00:00
2026-08-31,APP-0006,aligna,Aligna,android,installs,2,google_store_performance,2026-10-09T02:20:53+00:00
2026-08-31,APP-0006,aligna,Aligna,android,store_visitors,3,google_store_performance,2026-10-09T02:20:53+00:00
2026-08-31,APP-0006,aligna,Aligna,ios,impressions,33,apple_snapshot_discovery,2026-10-09T02:20:53+00:00
2026-08-31,APP-0006,aligna,Aligna,ios,store_visitors,3,apple_snapshot_discovery,2026-10-09T02:20:53+00:00
2026-08-31,APP-0005,clipnest,ClipNest,ios,impressions,34,apple_snapshot_discovery,2026-10-09T02:20:53+00:00
2026-08-31,APP-0005,clipnest,ClipNest,ios,store_visitors,2,apple_snapshot_discovery,2026-10-09T02:20:53+00:00
2026-08-31,APP-0001,quivra,Quivra,android,installs,0,google_store_performance,2026-10-09T02:20:53+00:00
2026-08-31,APP-0001,quivra,Quivra,android,store_visitors,1,google_store_performance,2026-10-09T02:20:53+00:00
2026-08-31,APP-0001,quivra,Quivra,ios,impressions,1,apple_snapshot_discovery,2026-10-09T02:20:53+00:00
2026-08-31,APP-0004,segra,Segra,ios,impressions,81,apple_snapshot_discovery,2026-10-09T02:20:53+00:00
2026-08-31,APP-0004,segra,Segra,ios,store_visitors,4,apple_snapshot_discovery,2026-10-09T02:20:53+00:00
2026-08-31,APP-0002,tagweaver,TagWeaver,android,installs,7,google_store_performance,2026-10-09T02:20:53+00:00
2026-08-31,APP-0002,tagweaver,TagWeaver,android,purchases,2,google_estimated_sales,2026-10-09T02:20:53+00:00
2026-08-31,APP-0002,tagweaver,TagWeaver,android,store_visitors,23,google_store_performance,2026-10-09T02:20:53+00:00
2026-08-31,APP-0002,tagweaver,TagWeaver,ios,impressions,103,apple_snapshot_discovery,2026-10-09T02:20:53+00:00
2026-08-31,APP-0002,tagweaver,TagWeaver,ios,store_visitors,15,apple_snapshot_discovery,2026-10-09T02:20:53+00:00
2026-08-31,APP-0003,vaultxt,VaultXT,android,installs,0,google_store_performance,2026-10-09T02:20:53+00:00
2026-08-31,APP-0003,vaultxt,VaultXT,android,store_visitors,2,google_store_performance,2026-10-09T02:20:53+00:00
2026-08-31,APP-0003,vaultxt,VaultXT,ios,impressions,25,apple_snapshot_discovery,2026-10-09T02:20:53+00:00
2026-08-31,APP-0003,vaultxt,VaultXT,ios,store_visitors,3,apple_snapshot_discovery,2026-10-09T02:20:53+00:00
2026-09-01,APP-0006,aligna,Aligna,ios,impressions,43,apple_snapshot_discovery,2026-10-09T02:20:53+00:00
2026-09-01,APP-0006,aligna,Aligna,ios,store_visitors,12,apple_snapshot_discovery,2026-10-09T02:20:53+00:00
2026-09-01,APP-0005,clipnest,ClipNest,ios,impressions,30,apple_snapshot_discovery,2026-10-09T02:20:53+00:00
2026-09-01,APP-0001,quivra,Quivra,android,installs,1,google_store_performance,2026-10-09T02:20:53+00:00
2026-09-01,APP-0001,quivra,Quivra,android,purchases,1,google_estimated_sales,2026-10-09T02:20:53+00:00
2026-09-01,APP-0001,quivra,Quivra,android,store_visitors,2,google_store_performance,2026-10-09T02:20:53+00:00
2026-09-01,APP-0001,quivra,Quivra,ios,impressions,2,apple_snapshot_discovery,2026-10-09T02:20:53+00:00
2026-09-01,APP-0004,segra,Segra,ios,impressions,85,apple_snapshot_discovery,2026-10-09T02:20:53+00:00
2026-09-01,APP-0004,segra,Segra,ios,store_visitors,2,apple_snapshot_discovery,2026-10-09T02:20:53+00:00
2026-09-01,APP-0002,tagweaver,TagWeaver,android,installs,11,google_store_performance,2026-10-09T02:20:53+00:00
2026-09-01,APP-0002,tagweaver,TagWeaver,android,store_visitors,26,google_store_performance,2026-10-09T02:20:53+00:00
2026-09-01,APP-0002,tagweaver,TagWeaver,ios,impressions,89,apple_snapshot_discovery,2026-10-09T02:20:53+00:00
2026-09-01,APP-0002,tagweaver,TagWeaver,ios,store_visitors,13,apple_snapshot_discovery,2026-10-09T02:20:53+00:00
2026-09-01,APP-0003,vaultxt,VaultXT,android,installs,2,google_store_performance,2026-10-09T02:20:53+00:00
2026-09-01,APP-0003,vaultxt,VaultXT,android,store_visitors,3,google_store_performance,2026-10-09T02:20:53+00:00
2026-09-01,APP-0003,vaultxt,VaultXT,ios,impressions,19,apple_snapshot_discovery,2026-10-09T02:20:53+00:00
2026-09-01,APP-0003,vaultxt,VaultXT,ios,store_visitors,2,apple_snapshot_discovery,2026-10-09T02:20:53+00:00
2026-09-02,APP-0006,aligna,Aligna,ios,impressions,19,apple_snapshot_discovery,2026-10-09T02:20:53+00:00
2026-09-02,APP-0006,aligna,Aligna,ios,store_visitors,1,apple_snapshot_discovery,2026-10-09T02:20:53+00:00
2026-09-02,APP-0005,clipnest,ClipNest,ios,impressions,35,apple_snapshot_discovery,2026-10-09T02:20:53+00:00
2026-09-02,APP-0001,quivra,Quivra,android,installs,0,google_store_performance,2026-10-09T02:20:53+00:00
2026-09-02,APP-0001,quivra,Quivra,android,store_visitors,5,google_store_performance,2026-10-09T02:20:53+00:00
2026-09-02,APP-0001,quivra,Quivra,ios,impressions,1,apple_snapshot_discovery,2026-10-09T02:20:53+00:00
2026-09-02,APP-0004,segra,Segra,ios,impressions,117,apple_snapshot_discovery,2026-10-09T02:20:53+00:00
2026-09-02,APP-0004,segra,Segra,ios,store_visitors,4,apple_snapshot_discovery,2026-10-09T02:20:53+00:00
2026-09-02,APP-0002,tagweaver,TagWeaver,android,installs,6,google_store_performance,2026-10-09T02:20:53+00:00
2026-09-02,APP-0002,tagweaver,TagWeaver,android,store_visitors,28,google_store_performance,2026-10-09T02:20:53+00:00
2026-09-02,APP-0002,tagweaver,TagWeaver,ios,impressions,106,apple_snapshot_discovery,2026-10-09T02:20:53+00:00
2026-09-02,APP-0002,tagweaver,TagWeaver,ios,store_visitors,9,apple_snapshot_discovery,2026-10-09T02:20:53+00:00
2026-09-02,APP-0003,vaultxt,VaultXT,android,installs,1,google_store_performance,2026-10-09T02:20:53+00:00
2026-09-02,APP-0003,vaultxt,VaultXT,android,store_visitors,4,google_store_performance,2026-10-09T02:20:53+00:00
2026-09-02,APP-0003,vaultxt,VaultXT,ios,impressions,21,apple_snapshot_discovery,2026-10-09T02:20:53+00:00
2026-09-02,APP-0003,vaultxt,VaultXT,ios,store_visitors,3,apple_snapshot_discovery,2026-10-09T02:20:53+00:00
2026-09-03,APP-0006,aligna,Aligna,android,installs,0,google_store_performance,2026-10-09T02:20:53+00:00
2026-09-03,APP-0006,aligna,Aligna,android,store_visitors,3,google_store_performance,2026-10-09T02:20:53+00:00
2026-09-03,APP-0006,aligna,Aligna,ios,impressions,29,apple_snapshot_discovery,2026-10-09T02:20:53+00:00
2026-09-03,APP-0006,aligna,Aligna,ios,store_visitors,5,apple_snapshot_discovery,2026-10-09T02:20:53+00:00
2026-09-03,APP-0005,clipnest,ClipNest,ios,impressions,29,apple_snapshot_discovery,2026-10-09T02:20:53+00:00
2026-09-03,APP-0005,clipnest,ClipNest,ios,store_visitors,2,apple_snapshot_discovery,2026-10-09T02:20:53+00:00
2026-09-03,APP-0001,quivra,Quivra,android,installs,0,google_store_performance,2026-10-09T02:20:53+00:00
2026-09-03,APP-0001,quivra,Quivra,android,store_visitors,5,google_store_performance,2026-10-09T02:20:53+00:00
2026-09-03,APP-0001,quivra,Quivra,ios,impressions,8,apple_snapshot_discovery,2026-10-09T02:20:53+00:00
2026-09-03,APP-0001,quivra,Quivra,ios,store_visitors,1,apple_snapshot_discovery,2026-10-09T02:20:53+00:00
2026-09-03,APP-0004,segra,Segra,ios,impressions,105,apple_snapshot_discovery,2026-10-09T02:20:53+00:00
2026-09-03,APP-0004,segra,Segra,ios,store_visitors,6,apple_snapshot_discovery,2026-10-09T02:20:53+00:00
2026-09-03,APP-0002,tagweaver,TagWeaver,android,installs,7,google_store_performance,2026-10-09T02:20:53+00:00
2026-09-03,APP-0002,tagweaver,TagWeaver,android,purchases,1,google_estimated_sales,2026-10-09T02:20:53+00:00
2026-09-03,APP-0002,tagweaver,TagWeaver,android,store_visitors,29,google_store_performance,2026-10-09T02:20:53+00:00
2026-09-03,APP-0002,tagweaver,TagWeaver,ios,impressions,103,apple_snapshot_discovery,2026-10-09T02:20:53+00:00
2026-09-03,APP-0002,tagweaver,TagWeaver,ios,store_visitors,25,apple_snapshot_discovery,2026-10-09T02:20:53+00:00
2026-09-03,APP-0003,vaultxt,VaultXT,android,installs,1,google_store_performance,2026-10-09T02:20:53+00:00
2026-09-03,APP-0003,vaultxt,VaultXT,android,store_visitors,2,google_store_performance,2026-10-09T02:20:53+00:00
2026-09-03,APP-0003,vaultxt,VaultXT,ios,impressions,21,apple_snapshot_discovery,2026-10-09T02:20:53+00:00
2026-09-03,APP-0003,vaultxt,VaultXT,ios,store_visitors,2,apple_snapshot_discovery,2026-10-09T02:20:53+00:00
2026-09-04,APP-0006,aligna,Aligna,android,installs,2,google_store_performance,2026-10-09T02:20:53+00:00
2026-09-04,APP-0006,aligna,Aligna,android,store_visitors,5,google_store_performance,2026-10-09T02:20:53+00:00
2026-09-04,APP-0006,aligna,Aligna,ios,impressions,20,apple_snapshot_discovery,2026-10-09T02:20:53+00:00
2026-09-04,APP-0006,aligna,Aligna,ios,store_visitors,1,apple_snapshot_discovery,2026-10-09T02:20:53+00:00
2026-09-04,APP-0005,clipnest,ClipNest,ios,impressions,35,apple_snapshot_discovery,2026-10-09T02:20:53+00:00
2026-09-04,APP-0005,clipnest,ClipNest,ios,store_visitors,2,apple_snapshot_discovery,2026-10-09T02:20:53+00:00
2026-09-04,APP-0001,quivra,Quivra,android,installs,0,google_store_performance,2026-10-09T02:20:53+00:00
2026-09-04,APP-0001,quivra,Quivra,android,store_visitors,6,google_store_performance,2026-10-09T02:20:53+00:00
2026-09-04,APP-0001,quivra,Quivra,ios,impressions,9,apple_snapshot_discovery,2026-10-09T02:20:53+00:00
2026-09-04,APP-0004,segra,Segra,android,installs,0,google_store_performance,2026-10-09T02:20:53+00:00
2026-09-04,APP-0004,segra,Segra,android,store_visitors,2,google_store_performance,2026-10-09T02:20:53+00:00
2026-09-04,APP-0004,segra,Segra,ios,impressions,151,apple_snapshot_discovery,2026-10-09T02:20:53+00:00
2026-09-04,APP-0004,segra,Segra,ios,store_visitors,2,apple_snapshot_discovery,2026-10-09T02:20:53+00:00
2026-09-04,APP-0002,tagweaver,TagWeaver,android,installs,10,google_store_performance,2026-10-09T02:20:53+00:00
2026-09-04,APP-0002,tagweaver,TagWeaver,android,store_visitors,32,google_store_performance,2026-10-09T02:20:53+00:00
2026-09-04,APP-0002,tagweaver,TagWeaver,ios,impressions,76,apple_snapshot_discovery,2026-10-09T02:20:53+00:00
2026-09-04,APP-0002,tagweaver,TagWeaver,ios,store_visitors,12,apple_snapshot_discovery,2026-10-09T02:20:53+00:00
2026-09-04,APP-0003,vaultxt,VaultXT,android,installs,5,google_store_performance,2026-10-09T02:20:53+00:00
2026-09-04,APP-0003,vaultxt,VaultXT,android,store_visitors,6,google_store_performance,2026-10-09T02:20:53+00:00
2026-09-04,APP-0003,vaultxt,VaultXT,ios,impressions,22,apple_snapshot_discovery,2026-10-09T02:20:53+00:00
2026-09-04,APP-0003,vaultxt,VaultXT,ios,store_visitors,4,apple_snapshot_discovery,2026-10-09T02:20:53+00:00
2026-09-05,APP-0006,aligna,Aligna,android,installs,3,google_store_performance,2026-10-09T02:20:53+00:00
2026-09-05,APP-0006,aligna,Aligna,android,store_visitors,4,google_store_performance,2026-10-09T02:20:53+00:00
2026-09-05,APP-0006,aligna,Aligna,ios,impressions,26,apple_snapshot_discovery,2026-10-09T02:20:53+00:00
2026-09-05,APP-0005,clipnest,ClipNest,ios,impressions,68,apple_snapshot_discovery,2026-10-09T02:20:53+00:00
2026-09-05,APP-0001,quivra,Quivra,android,installs,0,google_store_performance,2026-10-09T02:20:53+00:00
2026-09-05,APP-0001,quivra,Quivra,android,store_visitors,4,google_store_performance,2026-10-09T02:20:53+00:00
2026-09-05,APP-0001,quivra,Quivra,ios,impressions,6,apple_snapshot_discovery,2026-10-09T02:20:53+00:00
2026-09-05,APP-0004,segra,Segra,android,installs,0,google_store_performance,2026-10-09T02:20:53+00:00
2026-09-05,APP-0004,segra,Segra,android,store_visitors,1,google_store_performance,2026-10-09T02:20:53+00:00
2026-09-05,APP-0004,segra,Segra,ios,impressions,132,apple_snapshot_discovery,2026-10-09T02:20:53+00:00
2026-09-05,APP-0004,segra,Segra,ios,store_visitors,2,apple_snapshot_discovery,2026-10-09T02:20:53+00:00
2026-09-05,APP-0002,tagweaver,TagWeaver,android,installs,7,google_store_performance,2026-10-09T02:20:53+00:00
2026-09-05,APP-0002,tagweaver,TagWeaver,android,store_visitors,22,google_store_performance,2026-10-09T02:20:53+00:00
2026-09-05,APP-0002,tagweaver,TagWeaver,ios,impressions,111,apple_snapshot_discovery,2026-10-09T02:20:53+00:00
2026-09-05,APP-0002,tagweaver,TagWeaver,ios,store_visitors,7,apple_snapshot_discovery,2026-10-09T02:20:53+00:00
2026-09-05,APP-0003,vaultxt,VaultXT,android,installs,1,google_store_performance,2026-10-09T02:20:53+00:00
2026-09-05,APP-0003,vaultxt,VaultXT,android,store_visitors,5,google_store_performance,2026-10-09T02:20:53+00:00
2026-09-05,APP-0003,vaultxt,VaultXT,ios,impressions,16,apple_snapshot_discovery,2026-10-09T02:20:53+00:00
2026-09-05,APP-0003,vaultxt,VaultXT,ios,store_visitors,3,apple_snapshot_discovery,2026-10-09T02:20:53+00:00
2026-09-06,APP-0006,aligna,Aligna,android,installs,1,google_store_performance,2026-10-09T02:20:53+00:00
2026-09-06,APP-0006,aligna,Aligna,android,store_visitors,2,google_store_performance,2026-10-09T02:20:53+00:00
2026-09-06,APP-0006,aligna,Aligna,ios,impressions,33,apple_snapshot_discovery,2026-10-09T02:20:53+00:00
2026-09-06,APP-0006,aligna,Aligna,ios,store_visitors,1,apple_snapshot_discovery,2026-10-09T02:20:53+00:00
2026-09-06,APP-0005,clipnest,ClipNest,ios,impressions,34,apple_snapshot_discovery,2026-10-09T02:20:53+00:00
2026-09-06,APP-0005,clipnest,ClipNest,ios,store_visitors,2,apple_snapshot_discovery,2026-10-09T02:20:53+00:00
2026-09-06,APP-0001,quivra,Quivra,android,installs,0,google_store_performance,2026-10-09T02:20:53+00:00
2026-09-06,APP-0001,quivra,Quivra,android,store_visitors,2,google_store_performance,2026-10-09T02:20:53+00:00
2026-09-06,APP-0001,quivra,Quivra,ios,impressions,9,apple_snapshot_discovery,2026-10-09T02:20:53+00:00
2026-09-06,APP-0004,segra,Segra,android,installs,0,google_store_performance,2026-10-09T02:20:53+00:00
2026-09-06,APP-0004,segra,Segra,android,store_visitors,1,google_store_performance,2026-10-09T02:20:53+00:00
2026-09-06,APP-0004,segra,Segra,ios,impressions,129,apple_snapshot_discovery,2026-10-09T02:20:53+00:00
2026-09-06,APP-0004,segra,Segra,ios,store_visitors,2,apple_snapshot_discovery,2026-10-09T02:20:53+00:00
2026-09-06,APP-0002,tagweaver,TagWeaver,android,installs,12,google_store_performance,2026-10-09T02:20:53+00:00
2026-09-06,APP-0002,tagweaver,TagWeaver,android,purchases,1,google_estimated_sales,2026-10-09T02:20:53+00:00
2026-09-06,APP-0002,tagweaver,TagWeaver,android,store_visitors,24,google_store_performance,2026-10-09T02:20:53+00:00
2026-09-06,APP-0002,tagweaver,TagWeaver,ios,impressions,86,apple_snapshot_discovery,2026-10-09T02:20:53+00:00
2026-09-06,APP-0002,tagweaver,TagWeaver,ios,store_visitors,7,apple_snapshot_discovery,2026-10-09T02:20:53+00:00
2026-09-06,APP-0003,vaultxt,VaultXT,android,installs,2,google_store_performance,2026-10-09T02:20:53+00:00
2026-09-06,APP-0003,vaultxt,VaultXT,android,store_visitors,9,google_store_performance,2026-10-09T02:20:53+00:00
2026-09-06,APP-0003,vaultxt,VaultXT,ios,impressions,34,apple_snapshot_discovery,2026-10-09T02:20:53+00:00
2026-09-06,APP-0003,vaultxt,VaultXT,ios,store_visitors,5,apple_snapshot_discovery,2026-10-09T02:20:53+00:00
2026-09-07,APP-0006,aligna,Aligna,android,installs,1,google_store_performance,2026-10-09T02:20:53+00:00
2026-09-07,APP-0006,aligna,Aligna,android,store_visitors,1,google_store_performance,2026-10-09T02:20:53+00:00
2026-09-07,APP-0006,aligna,Aligna,ios,impressions,22,apple_snapshot_discovery,2026-10-09T02:20:53+00:00
2026-09-07,APP-0005,clipnest,ClipNest,ios,impressions,39,apple_snapshot_discovery,2026-10-09T02:20:53+00:00
2026-09-07,APP-0005,clipnest,ClipNest,ios,store_visitors,1,apple_snapshot_discovery,2026-10-09T02:20:53+00:00
2026-09-07,APP-0001,quivra,Quivra,android,installs,0,google_store_performance,2026-10-09T02:20:53+00:00
2026-09-07,APP-0001,quivra,Quivra,android,store_visitors,6,google_store_performance,2026-10-09T02:20:53+00:00
2026-09-07,APP-0001,quivra,Quivra,ios,impressions,8,apple_snapshot_discovery,2026-10-09T02:20:53+00:00
2026-09-07,APP-0004,segra,Segra,android,installs,1,google_store_performance,2026-10-09T02:20:53+00:00
2026-09-07,APP-0004,segra,Segra,android,store_visitors,2,google_store_performance,2026-10-09T02:20:53+00:00
2026-09-07,APP-0004,segra,Segra,ios,impressions,128,apple_snapshot_discovery,2026-10-09T02:20:53+00:00
2026-09-07,APP-0004,segra,Segra,ios,store_visitors,1,apple_snapshot_discovery,2026-10-09T02:20:53+00:00
2026-09-07,APP-0002,tagweaver,TagWeaver,android,installs,13,google_store_performance,2026-10-09T02:20:53+00:00
2026-09-07,APP-0002,tagweaver,TagWeaver,android,purchases,2,google_estimated_sales,2026-10-09T02:20:53+00:00
2026-09-07,APP-0002,tagweaver,TagWeaver,android,store_visitors,40,google_store_performance,2026-10-09T02:20:53+00:00
2026-09-07,APP-0002,tagweaver,TagWeaver,ios,impressions,145,apple_snapshot_discovery,2026-10-09T02:20:53+00:00
2026-09-07,APP-0002,tagweaver,TagWeaver,ios,store_visitors,2,apple_snapshot_discovery,2026-10-09T02:20:53+00:00
2026-09-07,APP-0003,vaultxt,VaultXT,android,installs,1,google_store_performance,2026-10-09T02:20:53+00:00
2026-09-07,APP-0003,vaultxt,VaultXT,android,store_visitors,4,google_store_performance,2026-10-09T02:20:53+00:00
2026-09-07,APP-0003,vaultxt,VaultXT,ios,impressions,67,apple_snapshot_discovery,2026-10-09T02:20:53+00:00
2026-09-07,APP-0003,vaultxt,VaultXT,ios,purchases,1,apple_snapshot_purchases,2026-10-09T02:20:53+00:00
2026-09-07,APP-0003,vaultxt,VaultXT,ios,store_visitors,2,apple_snapshot_discovery,2026-10-09T02:20:53+00:00
2026-09-08,APP-0006,aligna,Aligna,android,installs,2,google_store_performance,2026-10-09T02:20:53+00:00
2026-09-08,APP-0006,aligna,Aligna,android,store_visitors,4,google_store_performance,2026-10-09T02:20:53+00:00
2026-09-08,APP-0006,aligna,Aligna,ios,impressions,32,apple_snapshot_discovery,2026-10-09T02:20:53+00:00
2026-09-08,APP-0006,aligna,Aligna,ios,store_visitors,10,apple_snapshot_discovery,2026-10-09T02:20:53+00:00
2026-09-08,APP-0005,clipnest,ClipNest,ios,impressions,48,apple_snapshot_discovery,2026-10-09T02:20:53+00:00
2026-09-08,APP-0001,quivra,Quivra,android,installs,0,google_store_performance,2026-10-09T02:20:53+00:00
2026-09-08,APP-0001,quivra,Quivra,android,store_visitors,4,google_store_performance,2026-10-09T02:20:53+00:00
2026-09-08,APP-0001,quivra,Quivra,ios,impressions,11,apple_snapshot_discovery,2026-10-09T02:20:53+00:00
2026-09-08,APP-0004,segra,Segra,android,installs,1,google_store_performance,2026-10-09T02:20:53+00:00
2026-09-08,APP-0004,segra,Segra,android,store_visitors,2,google_store_performance,2026-10-09T02:20:53+00:00
2026-09-08,APP-0004,segra,Segra,ios,impressions,107,apple_snapshot_discovery,2026-10-09T02:20:53+00:00
2026-09-08,APP-0004,segra,Segra,ios,store_visitors,4,apple_snapshot_discovery,2026-10-09T02:20:53+00:00
2026-09-08,APP-0002,tagweaver,TagWeaver,android,installs,10,google_store_performance,2026-10-09T02:20:53+00:00
2026-09-08,APP-0002,tagweaver,TagWeaver,android,store_visitors,28,google_store_performance,2026-10-09T02:20:53+00:00
2026-09-08,APP-0002,tagweaver,TagWeaver,ios,impressions,209,apple_snapshot_discovery,2026-10-09T02:20:53+00:00
2026-09-08,APP-0002,tagweaver,TagWeaver,ios,store_visitors,17,apple_snapshot_discovery,2026-10-09T02:20:53+00:00
2026-09-08,APP-0003,vaultxt,VaultXT,android,installs,3,google_store_performance,2026-10-09T02:20:53+00:00
2026-09-08,APP-0003,vaultxt,VaultXT,android,store_visitors,9,google_store_performance,2026-10-09T02:20:53+00:00
2026-09-08,APP-0003,vaultxt,VaultXT,ios,impressions,48,apple_snapshot_discovery,2026-10-09T02:20:53+00:00
2026-09-08,APP-0003,vaultxt,VaultXT,ios,store_visitors,1,apple_snapshot_discovery,2026-10-09T02:20:53+00:00
2026-09-09,APP-0006,aligna,Aligna,android,installs,1,google_store_performance,2026-10-09T02:20:53+00:00
2026-09-09,APP-0006,aligna,Aligna,android,store_visitors,2,google_store_performance,2026-10-09T02:20:53+00:00
2026-09-09,APP-0006,aligna,Aligna,ios,impressions,26,apple_snapshot_discovery,2026-10-09T02:20:53+00:00
2026-09-09,APP-0006,aligna,Aligna,ios,store_visitors,3,apple_snapshot_discovery,2026-10-09T02:20:53+00:00
2026-09-09,APP-0005,clipnest,ClipNest,ios,impressions,28,apple_snapshot_discovery,2026-10-09T02:20:53+00:00
2026-09-09,APP-0001,quivra,Quivra,android,installs,0,google_store_performance,2026-10-09T02:20:53+00:00
2026-09-09,APP-0001,quivra,Quivra,android,store_visitors,2,google_store_performance,2026-10-09T02:20:53+00:00
2026-09-09,APP-0001,quivra,Quivra,ios,impressions,3,apple_snapshot_discovery,2026-10-09T02:20:53+00:00
2026-09-09,APP-0004,segra,Segra,ios,impressions,119,apple_snapshot_discovery,2026-10-09T02:20:53+00:00
2026-09-09,APP-0004,segra,Segra,ios,store_visitors,2,apple_snapshot_discovery,2026-10-09T02:20:53+00:00
2026-09-09,APP-0002,tagweaver,TagWeaver,android,installs,12,google_store_performance,2026-10-09T02:20:53+00:00
2026-09-09,APP-0002,tagweaver,TagWeaver,android,store_visitors,28,google_store_performance,2026-10-09T02:20:53+00:00
2026-09-09,APP-0002,tagweaver,TagWeaver,ios,impressions,97,apple_snapshot_discovery,2026-10-09T02:20:53+00:00
2026-09-09,APP-0002,tagweaver,TagWeaver,ios,store_visitors,9,apple_snapshot_discovery,2026-10-09T02:20:53+00:00
2026-09-09,APP-0003,vaultxt,VaultXT,android,installs,2,google_store_performance,2026-10-09T02:20:53+00:00
2026-09-09,APP-0003,vaultxt,VaultXT,android,store_visitors,7,google_store_performance,2026-10-09T02:20:53+00:00
2026-09-09,APP-0003,vaultxt,VaultXT,ios,impressions,51,apple_snapshot_discovery,2026-10-09T02:20:53+00:00
2026-09-09,APP-0003,vaultxt,VaultXT,ios,store_visitors,1,apple_snapshot_discovery,2026-10-09T02:20:53+00:00
2026-09-10,APP-0006,aligna,Aligna,android,installs,2,google_store_performance,2026-10-09T02:20:53+00:00
2026-09-10,APP-0006,aligna,Aligna,android,store_visitors,2,google_store_performance,2026-10-09T02:20:53+00:00
2026-09-10,APP-0006,aligna,Aligna,ios,impressions,34,apple_snapshot_discovery,2026-10-09T02:20:53+00:00
2026-09-10,APP-0006,aligna,Aligna,ios,store_visitors,2,apple_snapshot_discovery,2026-10-09T02:20:53+00:00
2026-09-10,APP-0005,clipnest,ClipNest,ios,impressions,35,apple_snapshot_discovery,2026-10-09T02:20:53+00:00
2026-09-10,APP-0001,quivra,Quivra,android,installs,0,google_store_performance,2026-10-09T02:20:53+00:00
2026-09-10,APP-0001,quivra,Quivra,android,store_visitors,2,google_store_performance,2026-10-09T02:20:53+00:00
2026-09-10,APP-0001,quivra,Quivra,ios,impressions,6,apple_snapshot_discovery,2026-10-09T02:20:53+00:00
2026-09-10,APP-0001,quivra,Quivra,ios,store_visitors,1,apple_snapshot_discovery,2026-10-09T02:20:53+00:00
2026-09-10,APP-0004,segra,Segra,android,installs,1,google_store_performance,2026-10-09T02:20:53+00:00
2026-09-10,APP-0004,segra,Segra,android,store_visitors,2,google_store_performance,2026-10-09T02:20:53+00:00
2026-09-10,APP-0004,segra,Segra,ios,impressions,86,apple_snapshot_discovery,2026-10-09T02:20:53+00:00
2026-09-10,APP-0004,segra,Segra,ios,store_visitors,1,apple_snapshot_discovery,2026-10-09T02:20:53+00:00
2026-09-10,APP-0002,tagweaver,TagWeaver,android,installs,11,google_store_performance,2026-10-09T02:20:53+00:00
2026-09-10,APP-0002,tagweaver,TagWeaver,android,store_visitors,40,google_store_performance,2026-10-09T02:20:53+00:00
2026-09-10,APP-0002,tagweaver,TagWeaver,ios,impressions,90,apple_snapshot_discovery,2026-10-09T02:20:53+00:00
2026-09-10,APP-0002,tagweaver,TagWeaver,ios,store_visitors,13,apple_snapshot_discovery,2026-10-09T02:20:53+00:00
2026-09-10,APP-0003,vaultxt,VaultXT,android,installs,3,google_store_performance,2026-10-09T02:20:53+00:00
2026-09-10,APP-0003,vaultxt,VaultXT,android,store_visitors,7,google_store_performance,2026-10-09T02:20:53+00:00
2026-09-10,APP-0003,vaultxt,VaultXT,ios,impressions,70,apple_snapshot_discovery,2026-10-09T02:20:53+00:00
2026-09-10,APP-0003,vaultxt,VaultXT,ios,store_visitors,2,apple_snapshot_discovery,2026-10-09T02:20:53+00:00
2026-09-11,APP-0006,aligna,Aligna,android,installs,0,google_store_performance,2026-10-09T02:20:53+00:00
2026-09-11,APP-0006,aligna,Aligna,android,store_visitors,1,google_store_performance,2026-10-09T02:20:53+00:00
2026-09-11,APP-0006,aligna,Aligna,ios,impressions,27,apple_snapshot_discovery,2026-10-09T02:20:53+00:00
2026-09-11,APP-0006,aligna,Aligna,ios,store_visitors,5,apple_snapshot_discovery,2026-10-09T02:20:53+00:00
2026-09-11,APP-0005,clipnest,ClipNest,ios,impressions,41,apple_snapshot_discovery,2026-10-09T02:20:53+00:00
2026-09-11,APP-0005,clipnest,ClipNest,ios,store_visitors,1,apple_snapshot_discovery,2026-10-09T02:20:53+00:00
2026-09-11,APP-0001,quivra,Quivra,android,installs,0,google_store_performance,2026-10-09T02:20:53+00:00
2026-09-11,APP-0001,quivra,Quivra,android,store_visitors,2,google_store_performance,2026-10-09T02:20:53+00:00
2026-09-11,APP-0001,quivra,Quivra,ios,impressions,8,apple_snapshot_discovery,2026-10-09T02:20:53+00:00
2026-09-11,APP-0004,segra,Segra,android,installs,1,google_store_performance,2026-10-09T02:20:53+00:00
2026-09-11,APP-0004,segra,Segra,android,store_visitors,1,google_store_performance,2026-10-09T02:20:53+00:00
2026-09-11,APP-0004,segra,Segra,ios,impressions,109,apple_snapshot_discovery,2026-10-09T02:20:53+00:00
2026-09-11,APP-0004,segra,Segra,ios,store_visitors,1,apple_snapshot_discovery,2026-10-09T02:20:53+00:00
2026-09-11,APP-0002,tagweaver,TagWeaver,android,installs,9,google_store_performance,2026-10-09T02:20:53+00:00
2026-09-11,APP-0002,tagweaver,TagWeaver,android,purchases,1,google_estimated_sales,2026-10-09T02:20:53+00:00
2026-09-11,APP-0002,tagweaver,TagWeaver,android,store_visitors,32,google_store_performance,2026-10-09T02:20:53+00:00
2026-09-11,APP-0002,tagweaver,TagWeaver,ios,impressions,77,apple_snapshot_discovery,2026-10-09T02:20:53+00:00
2026-09-11,APP-0002,tagweaver,TagWeaver,ios,purchases,1,apple_snapshot_purchases,2026-10-09T02:20:53+00:00
2026-09-11,APP-0002,tagweaver,TagWeaver,ios,store_visitors,9,apple_snapshot_discovery,2026-10-09T02:20:53+00:00
2026-09-11,APP-0003,vaultxt,VaultXT,android,installs,1,google_store_performance,2026-10-09T02:20:53+00:00
2026-09-11,APP-0003,vaultxt,VaultXT,android,store_visitors,4,google_store_performance,2026-10-09T02:20:53+00:00
2026-09-11,APP-0003,vaultxt,VaultXT,ios,impressions,64,apple_snapshot_discovery,2026-10-09T02:20:53+00:00
2026-09-11,APP-0003,vaultxt,VaultXT,ios,store_visitors,10,apple_snapshot_discovery,2026-10-09T02:20:53+00:00
2026-09-12,APP-0006,aligna,Aligna,android,installs,1,google_store_performance,2026-10-09T02:20:53+00:00
2026-09-12,APP-0006,aligna,Aligna,android,store_visitors,3,google_store_performance,2026-10-09T02:20:53+00:00
2026-09-12,APP-0006,aligna,Aligna,ios,impressions,33,apple_snapshot_discovery,2026-10-09T02:20:53+00:00
2026-09-12,APP-0006,aligna,Aligna,ios,store_visitors,1,apple_snapshot_discovery,2026-10-09T02:20:53+00:00
2026-09-12,APP-0005,clipnest,ClipNest,ios,impressions,67,apple_snapshot_discovery,2026-10-09T02:20:53+00:00
2026-09-12,APP-0005,clipnest,ClipNest,ios,store_visitors,1,apple_snapshot_discovery,2026-10-09T02:20:53+00:00
2026-09-12,APP-0001,quivra,Quivra,android,installs,0,google_store_performance,2026-10-09T02:20:53+00:00
2026-09-12,APP-0001,quivra,Quivra,android,store_visitors,1,google_store_performance,2026-10-09T02:20:53+00:00
2026-09-12,APP-0001,quivra,Quivra,ios,impressions,6,apple_snapshot_discovery,2026-10-09T02:20:53+00:00
2026-09-12,APP-0004,segra,Segra,android,installs,0,google_store_performance,2026-10-09T02:20:53+00:00
2026-09-12,APP-0004,segra,Segra,android,store_visitors,1,google_store_performance,2026-10-09T02:20:53+00:00
2026-09-12,APP-0004,segra,Segra,ios,impressions,78,apple_snapshot_discovery,2026-10-09T02:20:53+00:00
2026-09-12,APP-0004,segra,Segra,ios,store_visitors,6,apple_snapshot_discovery,2026-10-09T02:20:53+00:00
2026-09-12,APP-0002,tagweaver,TagWeaver,android,installs,12,google_store_performance,2026-10-09T02:20:53+00:00
2026-09-12,APP-0002,tagweaver,TagWeaver,android,purchases,1,google_estimated_sales,2026-10-09T02:20:53+00:00
2026-09-12,APP-0002,tagweaver,TagWeaver,android,store_visitors,28,google_store_performance,2026-10-09T02:20:53+00:00
2026-09-12,APP-0002,tagweaver,TagWeaver,ios,impressions,104,apple_snapshot_discovery,2026-10-09T02:20:53+00:00
2026-09-12,APP-0002,tagweaver,TagWeaver,ios,store_visitors,14,apple_snapshot_discovery,2026-10-09T02:20:53+00:00
2026-09-12,APP-0003,vaultxt,VaultXT,android,installs,3,google_store_performance,2026-10-09T02:20:53+00:00
2026-09-12,APP-0003,vaultxt,VaultXT,android,store_visitors,10,google_store_performance,2026-10-09T02:20:53+00:00
2026-09-12,APP-0003,vaultxt,VaultXT,ios,impressions,62,apple_snapshot_discovery,2026-10-09T02:20:53+00:00
2026-09-13,APP-0006,aligna,Aligna,android,installs,1,google_store_performance,2026-10-09T02:20:53+00:00
2026-09-13,APP-0006,aligna,Aligna,android,store_visitors,3,google_store_performance,2026-10-09T02:20:53+00:00
2026-09-13,APP-0006,aligna,Aligna,ios,impressions,41,apple_snapshot_discovery,2026-10-09T02:20:53+00:00
2026-09-13,APP-0006,aligna,Aligna,ios,store_visitors,4,apple_snapshot_discovery,2026-10-09T02:20:53+00:00
2026-09-13,APP-0005,clipnest,ClipNest,ios,impressions,55,apple_snapshot_discovery,2026-10-09T02:20:53+00:00
2026-09-13,APP-0001,quivra,Quivra,android,installs,0,google_store_performance,2026-10-09T02:20:53+00:00
2026-09-13,APP-0001,quivra,Quivra,android,store_visitors,1,google_store_performance,2026-10-09T02:20:53+00:00
2026-09-13,APP-0001,quivra,Quivra,ios,impressions,7,apple_snapshot_discovery,2026-10-09T02:20:53+00:00
2026-09-13,APP-0001,quivra,Quivra,ios,store_visitors,1,apple_snapshot_discovery,2026-10-09T02:20:53+00:00
2026-09-13,APP-0004,segra,Segra,android,installs,0,google_store_performance,2026-10-09T02:20:53+00:00
2026-09-13,APP-0004,segra,Segra,android,store_visitors,1,google_store_performance,2026-10-09T02:20:53+00:00
2026-09-13,APP-0004,segra,Segra,ios,impressions,61,apple_snapshot_discovery,2026-10-09T02:20:53+00:00
2026-09-13,APP-0004,segra,Segra,ios,store_visitors,4,apple_snapshot_discovery,2026-10-09T02:20:53+00:00
2026-09-13,APP-0002,tagweaver,TagWeaver,android,installs,10,google_store_performance,2026-10-09T02:20:53+00:00
2026-09-13,APP-0002,tagweaver,TagWeaver,android,purchases,1,google_estimated_sales,2026-10-09T02:20:53+00:00
2026-09-13,APP-0002,tagweaver,TagWeaver,android,store_visitors,28,google_store_performance,2026-10-09T02:20:53+00:00
2026-09-13,APP-0002,tagweaver,TagWeaver,ios,impressions,88,apple_snapshot_discovery,2026-10-09T02:20:53+00:00
2026-09-13,APP-0002,tagweaver,TagWeaver,ios,store_visitors,11,apple_snapshot_discovery,2026-10-09T02:20:53+00:00
2026-09-13,APP-0003,vaultxt,VaultXT,android,installs,3,google_store_performance,2026-10-09T02:20:53+00:00
2026-09-13,APP-0003,vaultxt,VaultXT,android,store_visitors,6,google_store_performance,2026-10-09T02:20:53+00:00
2026-09-13,APP-0003,vaultxt,VaultXT,ios,impressions,42,apple_snapshot_discovery,2026-10-09T02:20:53+00:00
2026-09-13,APP-0003,vaultxt,VaultXT,ios,store_visitors,4,apple_snapshot_discovery,2026-10-09T02:20:53+00:00
2026-09-14,APP-0006,aligna,Aligna,android,installs,0,google_store_performance,2026-10-09T02:20:53+00:00
2026-09-14,APP-0006,aligna,Aligna,android,store_visitors,2,google_store_performance,2026-10-09T02:20:53+00:00
2026-09-14,APP-0006,aligna,Aligna,ios,impressions,18,apple_snapshot_discovery,2026-10-09T02:20:53+00:00
2026-09-14,APP-0006,aligna,Aligna,ios,store_visitors,5,apple_snapshot_discovery,2026-10-09T02:20:53+00:00
2026-09-14,APP-0005,clipnest,ClipNest,ios,impressions,41,apple_snapshot_discovery,2026-10-09T02:20:53+00:00
2026-09-14,APP-0005,clipnest,ClipNest,ios,store_visitors,3,apple_snapshot_discovery,2026-10-09T02:20:53+00:00
2026-09-14,APP-0001,quivra,Quivra,android,installs,0,google_store_performance,2026-10-09T02:20:53+00:00
2026-09-14,APP-0001,quivra,Quivra,android,store_visitors,2,google_store_performance,2026-10-09T02:20:53+00:00
2026-09-14,APP-0001,quivra,Quivra,ios,impressions,12,apple_snapshot_discovery,2026-10-09T02:20:53+00:00
2026-09-14,APP-0004,segra,Segra,android,installs,1,google_store_performance,2026-10-09T02:20:53+00:00
2026-09-14,APP-0004,segra,Segra,android,store_visitors,1,google_store_performance,2026-10-09T02:20:53+00:00
2026-09-14,APP-0004,segra,Segra,ios,impressions,98,apple_snapshot_discovery,2026-10-09T02:20:53+00:00
2026-09-14,APP-0004,segra,Segra,ios,store_visitors,7,apple_snapshot_discovery,2026-10-09T02:20:53+00:00
2026-09-14,APP-0002,tagweaver,TagWeaver,android,installs,13,google_store_performance,2026-10-09T02:20:53+00:00
2026-09-14,APP-0002,tagweaver,TagWeaver,android,purchases,1,google_estimated_sales,2026-10-09T02:20:53+00:00
2026-09-14,APP-0002,tagweaver,TagWeaver,android,store_visitors,27,google_store_performance,2026-10-09T02:20:53+00:00
2026-09-14,APP-0002,tagweaver,TagWeaver,ios,impressions,93,apple_snapshot_discovery,2026-10-09T02:20:53+00:00
2026-09-14,APP-0002,tagweaver,TagWeaver,ios,store_visitors,5,apple_snapshot_discovery,2026-10-09T02:20:53+00:00
2026-09-14,APP-0003,vaultxt,VaultXT,android,installs,2,google_store_performance,2026-10-09T02:20:53+00:00
2026-09-14,APP-0003,vaultxt,VaultXT,android,store_visitors,8,google_store_performance,2026-10-09T02:20:53+00:00
2026-09-14,APP-0003,vaultxt,VaultXT,ios,impressions,57,apple_snapshot_discovery,2026-10-09T02:20:53+00:00
2026-09-14,APP-0003,vaultxt,VaultXT,ios,store_visitors,1,apple_snapshot_discovery,2026-10-09T02:20:53+00:00
2026-09-15,APP-0006,aligna,Aligna,android,installs,1,google_store_performance,2026-10-09T02:20:53+00:00
2026-09-15,APP-0006,aligna,Aligna,android,store_visitors,8,google_store_performance,2026-10-09T02:20:53+00:00
2026-09-15,APP-0006,aligna,Aligna,ios,impressions,28,apple_snapshot_discovery,2026-10-09T02:20:53+00:00
2026-09-15,APP-0005,clipnest,ClipNest,ios,impressions,38,apple_snapshot_discovery,2026-10-09T02:20:53+00:00
2026-09-15,APP-0005,clipnest,ClipNest,ios,store_visitors,3,apple_snapshot_discovery,2026-10-09T02:20:53+00:00
2026-09-15,APP-0001,quivra,Quivra,ios,impressions,8,apple_snapshot_discovery,2026-10-09T02:20:53+00:00
2026-09-15,APP-0004,segra,Segra,android,installs,0,google_store_performance,2026-10-09T02:20:53+00:00
2026-09-15,APP-0004,segra,Segra,android,store_visitors,1,google_store_performance,2026-10-09T02:20:53+00:00
2026-09-15,APP-0004,segra,Segra,ios,impressions,88,apple_snapshot_discovery,2026-10-09T02:20:53+00:00
2026-09-15,APP-0004,segra,Segra,ios,store_visitors,7,apple_snapshot_discovery,2026-10-09T02:20:53+00:00
2026-09-15,APP-0002,tagweaver,TagWeaver,android,installs,16,google_store_performance,2026-10-09T02:20:53+00:00
2026-09-15,APP-0002,tagweaver,TagWeaver,android,store_visitors,33,google_store_performance,2026-10-09T02:20:53+00:00
2026-09-15,APP-0002,tagweaver,TagWeaver,ios,impressions,113,apple_snapshot_discovery,2026-10-09T02:20:53+00:00
2026-09-15,APP-0002,tagweaver,TagWeaver,ios,store_visitors,16,apple_snapshot_discovery,2026-10-09T02:20:53+00:00
2026-09-15,APP-0003,vaultxt,VaultXT,android,installs,0,google_store_performance,2026-10-09T02:20:53+00:00
2026-09-15,APP-0003,vaultxt,VaultXT,android,store_visitors,3,google_store_performance,2026-10-09T02:20:53+00:00
2026-09-15,APP-0003,vaultxt,VaultXT,ios,impressions,97,apple_snapshot_discovery,2026-10-09T02:20:53+00:00
2026-09-15,APP-0003,vaultxt,VaultXT,ios,store_visitors,8,apple_snapshot_discovery,2026-10-09T02:20:53+00:00
2026-09-16,APP-0006,aligna,Aligna,android,installs,0,google_store_performance,2026-10-09T02:20:53+00:00
2026-09-16,APP-0006,aligna,Aligna,android,store_visitors,2,google_store_performance,2026-10-09T02:20:53+00:00
2026-09-16,APP-0006,aligna,Aligna,ios,impressions,27,apple_snapshot_discovery,2026-10-09T02:20:53+00:00
2026-09-16,APP-0006,aligna,Aligna,ios,store_visitors,2,apple_snapshot_discovery,2026-10-09T02:20:53+00:00
2026-09-16,APP-0005,clipnest,ClipNest,ios,impressions,43,apple_snapshot_discovery,2026-10-09T02:20:53+00:00
2026-09-16,APP-0008,papira,Papira,android,installs,0,google_store_performance,2026-10-09T02:20:53+00:00
2026-09-16,APP-0008,papira,Papira,android,store_visitors,20,google_store_performance,2026-10-09T02:20:53+00:00
2026-09-16,APP-0001,quivra,Quivra,android,installs,0,google_store_performance,2026-10-09T02:20:53+00:00
2026-09-16,APP-0001,quivra,Quivra,android,store_visitors,1,google_store_performance,2026-10-09T02:20:53+00:00
2026-09-16,APP-0001,quivra,Quivra,ios,impressions,6,apple_snapshot_discovery,2026-10-09T02:20:53+00:00
2026-09-16,APP-0004,segra,Segra,ios,impressions,95,apple_snapshot_discovery,2026-10-09T02:20:53+00:00
2026-09-16,APP-0004,segra,Segra,ios,store_visitors,3,apple_snapshot_discovery,2026-10-09T02:20:53+00:00
2026-09-16,APP-0002,tagweaver,TagWeaver,android,installs,19,google_store_performance,2026-10-09T02:20:53+00:00
2026-09-16,APP-0002,tagweaver,TagWeaver,android,store_visitors,48,google_store_performance,2026-10-09T02:20:53+00:00
2026-09-16,APP-0002,tagweaver,TagWeaver,ios,impressions,88,apple_snapshot_discovery,2026-10-09T02:20:53+00:00
2026-09-16,APP-0002,tagweaver,TagWeaver,ios,purchases,1,apple_snapshot_purchases,2026-10-09T02:20:53+00:00
2026-09-16,APP-0002,tagweaver,TagWeaver,ios,store_visitors,16,apple_snapshot_discovery,2026-10-09T02:20:53+00:00
2026-09-16,APP-0003,vaultxt,VaultXT,android,installs,1,google_store_performance,2026-10-09T02:20:53+00:00
2026-09-16,APP-0003,vaultxt,VaultXT,android,store_visitors,2,google_store_performance,2026-10-09T02:20:53+00:00
2026-09-16,APP-0003,vaultxt,VaultXT,ios,impressions,114,apple_snapshot_discovery,2026-10-09T02:20:53+00:00
2026-09-16,APP-0003,vaultxt,VaultXT,ios,store_visitors,10,apple_snapshot_discovery,2026-10-09T02:20:53+00:00
2026-09-17,APP-0006,aligna,Aligna,android,installs,1,google_store_performance,2026-10-09T02:20:53+00:00
2026-09-17,APP-0006,aligna,Aligna,android,store_visitors,4,google_store_performance,2026-10-09T02:20:53+00:00
2026-09-17,APP-0006,aligna,Aligna,ios,impressions,15,apple_snapshot_discovery,2026-10-09T02:20:53+00:00
2026-09-17,APP-0005,clipnest,ClipNest,ios,impressions,47,apple_snapshot_discovery,2026-10-09T02:20:53+00:00
2026-09-17,APP-0005,clipnest,ClipNest,ios,store_visitors,2,apple_snapshot_discovery,2026-10-09T02:20:53+00:00
2026-09-17,APP-0008,papira,Papira,android,installs,0,google_store_performance,2026-10-09T02:20:53+00:00
2026-09-17,APP-0008,papira,Papira,android,store_visitors,18,google_store_performance,2026-10-09T02:20:53+00:00
2026-09-17,APP-0001,quivra,Quivra,android,installs,0,google_store_performance,2026-10-09T02:20:53+00:00
2026-09-17,APP-0001,quivra,Quivra,android,store_visitors,1,google_store_performance,2026-10-09T02:20:53+00:00
2026-09-17,APP-0001,quivra,Quivra,ios,impressions,9,apple_snapshot_discovery,2026-10-09T02:20:53+00:00
2026-09-17,APP-0004,segra,Segra,ios,impressions,91,apple_snapshot_discovery,2026-10-09T02:20:53+00:00
2026-09-17,APP-0002,tagweaver,TagWeaver,android,installs,11,google_store_performance,2026-10-09T02:20:53+00:00
2026-09-17,APP-0002,tagweaver,TagWeaver,android,purchases,1,google_estimated_sales,2026-10-09T02:20:53+00:00
2026-09-17,APP-0002,tagweaver,TagWeaver,android,store_visitors,50,google_store_performance,2026-10-09T02:20:53+00:00
2026-09-17,APP-0002,tagweaver,TagWeaver,ios,impressions,111,apple_snapshot_discovery,2026-10-09T02:20:53+00:00
2026-09-17,APP-0002,tagweaver,TagWeaver,ios,store_visitors,4,apple_snapshot_discovery,2026-10-09T02:20:53+00:00
2026-09-17,APP-0003,vaultxt,VaultXT,android,installs,2,google_store_performance,2026-10-09T02:20:53+00:00
2026-09-17,APP-0003,vaultxt,VaultXT,android,store_visitors,7,google_store_performance,2026-10-09T02:20:53+00:00
2026-09-17,APP-0003,vaultxt,VaultXT,ios,impressions,94,apple_snapshot_discovery,2026-10-09T02:20:53+00:00
2026-09-17,APP-0003,vaultxt,VaultXT,ios,store_visitors,1,apple_snapshot_discovery,2026-10-09T02:20:53+00:00
2026-09-18,APP-0006,aligna,Aligna,android,installs,2,google_store_performance,2026-10-09T02:20:53+00:00
2026-09-18,APP-0006,aligna,Aligna,android,store_visitors,4,google_store_performance,2026-10-09T02:20:53+00:00
2026-09-18,APP-0006,aligna,Aligna,ios,impressions,30,apple_snapshot_discovery,2026-10-09T02:20:53+00:00
2026-09-18,APP-0006,aligna,Aligna,ios,store_visitors,3,apple_snapshot_discovery,2026-10-09T02:20:53+00:00
2026-09-18,APP-0005,clipnest,ClipNest,ios,impressions,53,apple_snapshot_discovery,2026-10-09T02:20:53+00:00
2026-09-18,APP-0001,quivra,Quivra,android,installs,0,google_store_performance,2026-10-09T02:20:53+00:00
2026-09-18,APP-0001,quivra,Quivra,android,store_visitors,3,google_store_performance,2026-10-09T02:20:53+00:00
2026-09-18,APP-0001,quivra,Quivra,ios,impressions,4,apple_snapshot_discovery,2026-10-09T02:20:53+00:00
2026-09-18,APP-0001,quivra,Quivra,ios,store_visitors,1,apple_snapshot_discovery,2026-10-09T02:20:53+00:00
2026-09-18,APP-0004,segra,Segra,ios,impressions,84,apple_snapshot_discovery,2026-10-09T02:20:53+00:00
2026-09-18,APP-0004,segra,Segra,ios,store_visitors,2,apple_snapshot_discovery,2026-10-09T02:20:53+00:00
2026-09-18,APP-0002,tagweaver,TagWeaver,android,installs,22,google_store_performance,2026-10-09T02:20:53+00:00
2026-09-18,APP-0002,tagweaver,TagWeaver,android,store_visitors,57,google_store_performance,2026-10-09T02:20:53+00:00
2026-09-18,APP-0002,tagweaver,TagWeaver,ios,impressions,99,apple_snapshot_discovery,2026-10-09T02:20:53+00:00
2026-09-18,APP-0002,tagweaver,TagWeaver,ios,purchases,1,apple_snapshot_purchases,2026-10-09T02:20:53+00:00
2026-09-18,APP-0002,tagweaver,TagWeaver,ios,store_visitors,9,apple_snapshot_discovery,2026-10-09T02:20:53+00:00
2026-09-18,APP-0003,vaultxt,VaultXT,android,installs,1,google_store_performance,2026-10-09T02:20:53+00:00
2026-09-18,APP-0003,vaultxt,VaultXT,android,store_visitors,2,google_store_performance,2026-10-09T02:20:53+00:00
2026-09-18,APP-0003,vaultxt,VaultXT,ios,impressions,65,apple_snapshot_discovery,2026-10-09T02:20:53+00:00
2026-09-18,APP-0003,vaultxt,VaultXT,ios,store_visitors,2,apple_snapshot_discovery,2026-10-09T02:20:53+00:00
2026-09-19,APP-0006,aligna,Aligna,android,installs,1,google_store_performance,2026-10-09T02:20:53+00:00
2026-09-19,APP-0006,aligna,Aligna,android,store_visitors,3,google_store_performance,2026-10-09T02:20:53+00:00
2026-09-19,APP-0006,aligna,Aligna,ios,impressions,45,apple_snapshot_discovery,2026-10-09T02:20:53+00:00
2026-09-19,APP-0006,aligna,Aligna,ios,store_visitors,11,apple_snapshot_discovery,2026-10-09T02:20:53+00:00
2026-09-19,APP-0005,clipnest,ClipNest,ios,impressions,49,apple_snapshot_discovery,2026-10-09T02:20:53+00:00
2026-09-19,APP-0005,clipnest,ClipNest,ios,store_visitors,1,apple_snapshot_discovery,2026-10-09T02:20:53+00:00
2026-09-19,APP-0001,quivra,Quivra,android,installs,0,google_store_performance,2026-10-09T02:20:53+00:00
2026-09-19,APP-0001,quivra,Quivra,android,store_visitors,1,google_store_performance,2026-10-09T02:20:53+00:00
2026-09-19,APP-0001,quivra,Quivra,ios,impressions,4,apple_snapshot_discovery,2026-10-09T02:20:53+00:00
2026-09-19,APP-0004,segra,Segra,ios,impressions,96,apple_snapshot_discovery,2026-10-09T02:20:53+00:00
2026-09-19,APP-0004,segra,Segra,ios,store_visitors,3,apple_snapshot_discovery,2026-10-09T02:20:53+00:00
2026-09-19,APP-0002,tagweaver,TagWeaver,android,installs,17,google_store_performance,2026-10-09T02:20:53+00:00
2026-09-19,APP-0002,tagweaver,TagWeaver,android,purchases,1,google_estimated_sales,2026-10-09T02:20:53+00:00
2026-09-19,APP-0002,tagweaver,TagWeaver,android,store_visitors,59,google_store_performance,2026-10-09T02:20:53+00:00
2026-09-19,APP-0002,tagweaver,TagWeaver,ios,impressions,132,apple_snapshot_discovery,2026-10-09T02:20:53+00:00
2026-09-19,APP-0002,tagweaver,TagWeaver,ios,store_visitors,18,apple_snapshot_discovery,2026-10-09T02:20:53+00:00
2026-09-19,APP-0003,vaultxt,VaultXT,android,installs,0,google_store_performance,2026-10-09T02:20:53+00:00
2026-09-19,APP-0003,vaultxt,VaultXT,android,store_visitors,4,google_store_performance,2026-10-09T02:20:53+00:00
2026-09-19,APP-0003,vaultxt,VaultXT,ios,impressions,58,apple_snapshot_discovery,2026-10-09T02:20:53+00:00
2026-09-19,APP-0003,vaultxt,VaultXT,ios,store_visitors,6,apple_snapshot_discovery,2026-10-09T02:20:53+00:00
2026-09-20,APP-0006,aligna,Aligna,android,installs,3,google_store_performance,2026-10-09T02:20:53+00:00
2026-09-20,APP-0006,aligna,Aligna,android,store_visitors,5,google_store_performance,2026-10-09T02:20:53+00:00
2026-09-20,APP-0006,aligna,Aligna,ios,impressions,41,apple_snapshot_discovery,2026-10-09T02:20:53+00:00
2026-09-20,APP-0006,aligna,Aligna,ios,store_visitors,9,apple_snapshot_discovery,2026-10-09T02:20:53+00:00
2026-09-20,APP-0005,clipnest,ClipNest,ios,impressions,50,apple_snapshot_discovery,2026-10-09T02:20:53+00:00
2026-09-20,APP-0005,clipnest,ClipNest,ios,store_visitors,9,apple_snapshot_discovery,2026-10-09T02:20:53+00:00
2026-09-20,APP-0001,quivra,Quivra,ios,impressions,14,apple_snapshot_discovery,2026-10-09T02:20:53+00:00
2026-09-20,APP-0004,segra,Segra,ios,impressions,95,apple_snapshot_discovery,2026-10-09T02:20:53+00:00
2026-09-20,APP-0004,segra,Segra,ios,store_visitors,5,apple_snapshot_discovery,2026-10-09T02:20:53+00:00
2026-09-20,APP-0002,tagweaver,TagWeaver,android,installs,19,google_store_performance,2026-10-09T02:20:53+00:00
2026-09-20,APP-0002,tagweaver,TagWeaver,android,purchases,1,google_estimated_sales,2026-10-09T02:20:53+00:00
2026-09-20,APP-0002,tagweaver,TagWeaver,android,store_visitors,55,google_store_performance,2026-10-09T02:20:53+00:00
2026-09-20,APP-0002,tagweaver,TagWeaver,ios,impressions,175,apple_snapshot_discovery,2026-10-09T02:20:53+00:00
2026-09-20,APP-0002,tagweaver,TagWeaver,ios,store_visitors,26,apple_snapshot_discovery,2026-10-09T02:20:53+00:00
2026-09-20,APP-0003,vaultxt,VaultXT,android,installs,0,google_store_performance,2026-10-09T02:20:53+00:00
2026-09-20,APP-0003,vaultxt,VaultXT,android,store_visitors,3,google_store_performance,2026-10-09T02:20:53+00:00
2026-09-20,APP-0003,vaultxt,VaultXT,ios,impressions,78,apple_snapshot_discovery,2026-10-09T02:20:53+00:00
2026-09-20,APP-0003,vaultxt,VaultXT,ios,store_visitors,13,apple_snapshot_discovery,2026-10-09T02:20:53+00:00
2026-09-21,APP-0006,aligna,Aligna,android,installs,3,google_store_performance,2026-10-09T02:20:53+00:00
2026-09-21,APP-0006,aligna,Aligna,android,store_visitors,7,google_store_performance,2026-10-09T02:20:53+00:00
2026-09-21,APP-0006,aligna,Aligna,ios,impressions,51,apple_snapshot_discovery,2026-10-09T02:20:53+00:00
2026-09-21,APP-0006,aligna,Aligna,ios,store_visitors,6,apple_snapshot_discovery,2026-10-09T02:20:53+00:00
2026-09-21,APP-0005,clipnest,ClipNest,ios,impressions,45,apple_snapshot_discovery,2026-10-09T02:20:53+00:00
2026-09-21,APP-0005,clipnest,ClipNest,ios,store_visitors,1,apple_snapshot_discovery,2026-10-09T02:20:53+00:00
2026-09-21,APP-0001,quivra,Quivra,ios,impressions,5,apple_snapshot_discovery,2026-10-09T02:20:53+00:00
2026-09-21,APP-0004,segra,Segra,ios,impressions,84,apple_snapshot_discovery,2026-10-09T02:20:53+00:00
2026-09-21,APP-0004,segra,Segra,ios,store_visitors,9,apple_snapshot_discovery,2026-10-09T02:20:53+00:00
2026-09-21,APP-0002,tagweaver,TagWeaver,android,installs,12,google_store_performance,2026-10-09T02:20:53+00:00
2026-09-21,APP-0002,tagweaver,TagWeaver,android,store_visitors,42,google_store_performance,2026-10-09T02:20:53+00:00
2026-09-21,APP-0002,tagweaver,TagWeaver,ios,impressions,122,apple_snapshot_discovery,2026-10-09T02:20:53+00:00
2026-09-21,APP-0002,tagweaver,TagWeaver,ios,store_visitors,8,apple_snapshot_discovery,2026-10-09T02:20:53+00:00
2026-09-21,APP-0003,vaultxt,VaultXT,android,installs,2,google_store_performance,2026-10-09T02:20:53+00:00
2026-09-21,APP-0003,vaultxt,VaultXT,android,store_visitors,3,google_store_performance,2026-10-09T02:20:53+00:00
2026-09-21,APP-0003,vaultxt,VaultXT,ios,impressions,73,apple_snapshot_discovery,2026-10-09T02:20:53+00:00
2026-09-21,APP-0003,vaultxt,VaultXT,ios,store_visitors,1,apple_snapshot_discovery,2026-10-09T02:20:53+00:00
2026-09-22,APP-0006,aligna,Aligna,android,installs,1,google_store_performance,2026-10-09T02:20:53+00:00
2026-09-22,APP-0006,aligna,Aligna,android,store_visitors,6,google_store_performance,2026-10-09T02:20:53+00:00
2026-09-22,APP-0006,aligna,Aligna,ios,impressions,29,apple_snapshot_discovery,2026-10-09T02:20:53+00:00
2026-09-22,APP-0006,aligna,Aligna,ios,store_visitors,6,apple_snapshot_discovery,2026-10-09T02:20:53+00:00
2026-09-22,APP-0005,clipnest,ClipNest,ios,impressions,43,apple_snapshot_discovery,2026-10-09T02:20:53+00:00
2026-09-22,APP-0005,clipnest,ClipNest,ios,store_visitors,2,apple_snapshot_discovery,2026-10-09T02:20:53+00:00
2026-09-22,APP-0007,melivra,Melivra,android,installs,1,google_store_performance,2026-10-09T02:20:53+00:00
2026-09-22,APP-0007,melivra,Melivra,android,store_visitors,2,google_store_performance,2026-10-09T02:20:53+00:00
2026-09-22,APP-0001,quivra,Quivra,android,installs,0,google_store_performance,2026-10-09T02:20:53+00:00
2026-09-22,APP-0001,quivra,Quivra,android,store_visitors,2,google_store_performance,2026-10-09T02:20:53+00:00
2026-09-22,APP-0001,quivra,Quivra,ios,impressions,6,apple_snapshot_discovery,2026-10-09T02:20:53+00:00
2026-09-22,APP-0004,segra,Segra,android,installs,0,google_store_performance,2026-10-09T02:20:53+00:00
2026-09-22,APP-0004,segra,Segra,android,store_visitors,2,google_store_performance,2026-10-09T02:20:53+00:00
2026-09-22,APP-0004,segra,Segra,ios,impressions,97,apple_snapshot_discovery,2026-10-09T02:20:53+00:00
2026-09-22,APP-0004,segra,Segra,ios,store_visitors,4,apple_snapshot_discovery,2026-10-09T02:20:53+00:00
2026-09-22,APP-0002,tagweaver,TagWeaver,android,installs,22,google_store_performance,2026-10-09T02:20:53+00:00
2026-09-22,APP-0002,tagweaver,TagWeaver,android,store_visitors,59,google_store_performance,2026-10-09T02:20:53+00:00
2026-09-22,APP-0002,tagweaver,TagWeaver,ios,impressions,126,apple_snapshot_discovery,2026-10-09T02:20:53+00:00
2026-09-22,APP-0002,tagweaver,TagWeaver,ios,store_visitors,13,apple_snapshot_discovery,2026-10-09T02:20:53+00:00
2026-09-22,APP-0003,vaultxt,VaultXT,android,installs,2,google_store_performance,2026-10-09T02:20:53+00:00
2026-09-22,APP-0003,vaultxt,VaultXT,android,store_visitors,5,google_store_performance,2026-10-09T02:20:53+00:00
2026-09-22,APP-0003,vaultxt,VaultXT,ios,impressions,72,apple_snapshot_discovery,2026-10-09T02:20:53+00:00
2026-09-22,APP-0003,vaultxt,VaultXT,ios,store_visitors,10,apple_snapshot_discovery,2026-10-09T02:20:53+00:00
2026-09-23,APP-0006,aligna,Aligna,android,installs,3,google_store_performance,2026-10-09T02:20:53+00:00
2026-09-23,APP-0006,aligna,Aligna,android,store_visitors,4,google_store_performance,2026-10-09T02:20:53+00:00
2026-09-23,APP-0006,aligna,Aligna,ios,impressions,23,apple_snapshot_discovery,2026-10-09T02:20:53+00:00
2026-09-23,APP-0006,aligna,Aligna,ios,store_visitors,3,apple_snapshot_discovery,2026-10-09T02:20:53+00:00
2026-09-23,APP-0005,clipnest,ClipNest,ios,impressions,39,apple_snapshot_discovery,2026-10-09T02:20:53+00:00
2026-09-23,APP-0005,clipnest,ClipNest,ios,store_visitors,1,apple_snapshot_discovery,2026-10-09T02:20:53+00:00
2026-09-23,APP-0007,melivra,Melivra,android,installs,1,google_store_performance,2026-10-09T02:20:53+00:00
2026-09-23,APP-0007,melivra,Melivra,android,store_visitors,13,google_store_performance,2026-10-09T02:20:53+00:00
2026-09-23,APP-0001,quivra,Quivra,ios,impressions,7,apple_snapshot_discovery,2026-10-09T02:20:53+00:00
2026-09-23,APP-0004,segra,Segra,android,installs,1,google_store_performance,2026-10-09T02:20:53+00:00
2026-09-23,APP-0004,segra,Segra,android,store_visitors,2,google_store_performance,2026-10-09T02:20:53+00:00
2026-09-23,APP-0004,segra,Segra,ios,impressions,107,apple_snapshot_discovery,2026-10-09T02:20:53+00:00
2026-09-23,APP-0004,segra,Segra,ios,store_visitors,2,apple_snapshot_discovery,2026-10-09T02:20:53+00:00
2026-09-23,APP-0002,tagweaver,TagWeaver,android,installs,13,google_store_performance,2026-10-09T02:20:53+00:00
2026-09-23,APP-0002,tagweaver,TagWeaver,android,store_visitors,62,google_store_performance,2026-10-09T02:20:53+00:00
2026-09-23,APP-0002,tagweaver,TagWeaver,ios,impressions,78,apple_snapshot_discovery,2026-10-09T02:20:53+00:00
2026-09-23,APP-0002,tagweaver,TagWeaver,ios,purchases,1,apple_snapshot_purchases,2026-10-09T02:20:53+00:00
2026-09-23,APP-0002,tagweaver,TagWeaver,ios,store_visitors,13,apple_snapshot_discovery,2026-10-09T02:20:53+00:00
2026-09-23,APP-0003,vaultxt,VaultXT,android,installs,2,google_store_performance,2026-10-09T02:20:53+00:00
2026-09-23,APP-0003,vaultxt,VaultXT,android,store_visitors,5,google_store_performance,2026-10-09T02:20:53+00:00
2026-09-23,APP-0003,vaultxt,VaultXT,ios,impressions,76,apple_snapshot_discovery,2026-10-09T02:20:53+00:00
2026-09-23,APP-0003,vaultxt,VaultXT,ios,store_visitors,10,apple_snapshot_discovery,2026-10-09T02:20:53+00:00
2026-09-24,APP-0006,aligna,Aligna,android,installs,0,google_store_performance,2026-10-09T02:20:53+00:00
2026-09-24,APP-0006,aligna,Aligna,android,store_visitors,2,google_store_performance,2026-10-09T02:20:53+00:00
2026-09-24,APP-0006,aligna,Aligna,ios,impressions,27,apple_snapshot_discovery,2026-10-09T02:20:53+00:00
2026-09-24,APP-0006,aligna,Aligna,ios,store_visitors,1,apple_snapshot_discovery,2026-10-09T02:20:53+00:00
2026-09-24,APP-0005,clipnest,ClipNest,ios,impressions,35,apple_snapshot_discovery,2026-10-09T02:20:53+00:00
2026-09-24,APP-0005,clipnest,ClipNest,ios,store_visitors,1,apple_snapshot_discovery,2026-10-09T02:20:53+00:00
2026-09-24,APP-0007,melivra,Melivra,android,installs,5,google_store_performance,2026-10-09T02:20:53+00:00
2026-09-24,APP-0007,melivra,Melivra,android,store_visitors,18,google_store_performance,2026-10-09T02:20:53+00:00
2026-09-24,APP-0008,papira,Papira,ios,impressions,4,apple_snapshot_discovery,2026-10-09T02:20:53+00:00
2026-09-24,APP-0001,quivra,Quivra,android,installs,0,google_store_performance,2026-10-09T02:20:53+00:00
2026-09-24,APP-0001,quivra,Quivra,android,store_visitors,4,google_store_performance,2026-10-09T02:20:53+00:00
2026-09-24,APP-0001,quivra,Quivra,ios,impressions,7,apple_snapshot_discovery,2026-10-09T02:20:53+00:00
2026-09-24,APP-0004,segra,Segra,android,installs,0,google_store_performance,2026-10-09T02:20:53+00:00
2026-09-24,APP-0004,segra,Segra,android,store_visitors,1,google_store_performance,2026-10-09T02:20:53+00:00
2026-09-24,APP-0004,segra,Segra,ios,impressions,120,apple_snapshot_discovery,2026-10-09T02:20:53+00:00
2026-09-24,APP-0004,segra,Segra,ios,store_visitors,4,apple_snapshot_discovery,2026-10-09T02:20:53+00:00
2026-09-24,APP-0002,tagweaver,TagWeaver,android,installs,15,google_store_performance,2026-10-09T02:20:53+00:00
2026-09-24,APP-0002,tagweaver,TagWeaver,android,purchases,1,google_estimated_sales,2026-10-09T02:20:53+00:00
2026-09-24,APP-0002,tagweaver,TagWeaver,android,store_visitors,49,google_store_performance,2026-10-09T02:20:53+00:00
2026-09-24,APP-0002,tagweaver,TagWeaver,ios,impressions,129,apple_snapshot_discovery,2026-10-09T02:20:53+00:00
2026-09-24,APP-0002,tagweaver,TagWeaver,ios,store_visitors,15,apple_snapshot_discovery,2026-10-09T02:20:53+00:00
2026-09-24,APP-0003,vaultxt,VaultXT,android,installs,2,google_store_performance,2026-10-09T02:20:53+00:00
2026-09-24,APP-0003,vaultxt,VaultXT,android,store_visitors,6,google_store_performance,2026-10-09T02:20:53+00:00
2026-09-24,APP-0003,vaultxt,VaultXT,ios,impressions,53,apple_snapshot_discovery,2026-10-09T02:20:53+00:00
2026-09-24,APP-0003,vaultxt,VaultXT,ios,store_visitors,7,apple_snapshot_discovery,2026-10-09T02:20:53+00:00
2026-09-25,APP-0006,aligna,Aligna,android,installs,2,google_store_performance,2026-10-09T02:20:53+00:00
2026-09-25,APP-0006,aligna,Aligna,android,store_visitors,4,google_store_performance,2026-10-09T02:20:53+00:00
2026-09-25,APP-0006,aligna,Aligna,ios,impressions,22,apple_snapshot_discovery,2026-10-09T02:20:53+00:00
2026-09-25,APP-0006,aligna,Aligna,ios,store_visitors,4,apple_snapshot_discovery,2026-10-09T02:20:53+00:00
2026-09-25,APP-0005,clipnest,ClipNest,ios,impressions,32,apple_snapshot_discovery,2026-10-09T02:20:53+00:00
2026-09-25,APP-0005,clipnest,ClipNest,ios,store_visitors,2,apple_snapshot_discovery,2026-10-09T02:20:53+00:00
2026-09-25,APP-0007,melivra,Melivra,android,installs,2,google_store_performance,2026-10-09T02:20:53+00:00
2026-09-25,APP-0007,melivra,Melivra,android,store_visitors,11,google_store_performance,2026-10-09T02:20:53+00:00
2026-09-25,APP-0008,papira,Papira,ios,impressions,20,apple_snapshot_discovery,2026-10-09T02:20:53+00:00
2026-09-25,APP-0008,papira,Papira,ios,store_visitors,3,apple_snapshot_discovery,2026-10-09T02:20:53+00:00
2026-09-25,APP-0001,quivra,Quivra,android,installs,0,google_store_performance,2026-10-09T02:20:53+00:00
2026-09-25,APP-0001,quivra,Quivra,android,purchases,0,google_estimated_sales,2026-10-09T02:20:53+00:00
2026-09-25,APP-0001,quivra,Quivra,android,store_visitors,3,google_store_performance,2026-10-09T02:20:53+00:00
2026-09-25,APP-0001,quivra,Quivra,ios,impressions,3,apple_snapshot_discovery,2026-10-09T02:20:53+00:00
2026-09-25,APP-0004,segra,Segra,android,installs,0,google_store_performance,2026-10-09T02:20:53+00:00
2026-09-25,APP-0004,segra,Segra,android,store_visitors,1,google_store_performance,2026-10-09T02:20:53+00:00
2026-09-25,APP-0004,segra,Segra,ios,impressions,81,apple_snapshot_discovery,2026-10-09T02:20:53+00:00
2026-09-25,APP-0004,segra,Segra,ios,store_visitors,1,apple_snapshot_discovery,2026-10-09T02:20:53+00:00
2026-09-25,APP-0002,tagweaver,TagWeaver,android,installs,10,google_store_performance,2026-10-09T02:20:53+00:00
2026-09-25,APP-0002,tagweaver,TagWeaver,android,store_visitors,38,google_store_performance,2026-10-09T02:20:53+00:00
2026-09-25,APP-0002,tagweaver,TagWeaver,ios,impressions,128,apple_snapshot_discovery,2026-10-09T02:20:53+00:00
2026-09-25,APP-0002,tagweaver,TagWeaver,ios,purchases,-1,apple_snapshot_purchases,2026-10-09T02:20:53+00:00
2026-09-25,APP-0002,tagweaver,TagWeaver,ios,store_visitors,16,apple_snapshot_discovery,2026-10-09T02:20:53+00:00
2026-09-25,APP-0003,vaultxt,VaultXT,android,installs,4,google_store_performance,2026-10-09T02:20:53+00:00
2026-09-25,APP-0003,vaultxt,VaultXT,android,store_visitors,5,google_store_performance,2026-10-09T02:20:53+00:00
2026-09-25,APP-0003,vaultxt,VaultXT,ios,impressions,90,apple_snapshot_discovery,2026-10-09T02:20:53+00:00
2026-09-25,APP-0003,vaultxt,VaultXT,ios,store_visitors,9,apple_snapshot_discovery,2026-10-09T02:20:53+00:00
2026-09-26,APP-0006,aligna,Aligna,android,installs,1,google_store_performance,2026-10-09T02:20:53+00:00
2026-09-26,APP-0006,aligna,Aligna,android,store_visitors,2,google_store_performance,2026-10-09T02:20:53+00:00
2026-09-26,APP-0006,aligna,Aligna,ios,impressions,28,apple_snapshot_discovery,2026-10-09T02:20:53+00:00
2026-09-26,APP-0006,aligna,Aligna,ios,purchases,1,apple_snapshot_purchases,2026-10-09T02:20:53+00:00
2026-09-26,APP-0006,aligna,Aligna,ios,store_visitors,2,apple_snapshot_discovery,2026-10-09T02:20:53+00:00
2026-09-26,APP-0005,clipnest,ClipNest,ios,impressions,34,apple_snapshot_discovery,2026-10-09T02:20:53+00:00
2026-09-26,APP-0007,melivra,Melivra,android,installs,1,google_store_performance,2026-10-09T02:20:53+00:00
2026-09-26,APP-0007,melivra,Melivra,android,store_visitors,14,google_store_performance,2026-10-09T02:20:53+00:00
2026-09-26,APP-0008,papira,Papira,ios,impressions,26,apple_snapshot_discovery,2026-10-09T02:20:53+00:00
2026-09-26,APP-0008,papira,Papira,ios,store_visitors,2,apple_snapshot_discovery,2026-10-09T02:20:53+00:00
2026-09-26,APP-0001,quivra,Quivra,android,installs,0,google_store_performance,2026-10-09T02:20:53+00:00
2026-09-26,APP-0001,quivra,Quivra,android,store_visitors,2,google_store_performance,2026-10-09T02:20:53+00:00
2026-09-26,APP-0001,quivra,Quivra,ios,impressions,6,apple_snapshot_discovery,2026-10-09T02:20:53+00:00
2026-09-26,APP-0004,segra,Segra,android,installs,0,google_store_performance,2026-10-09T02:20:53+00:00
2026-09-26,APP-0004,segra,Segra,android,store_visitors,3,google_store_performance,2026-10-09T02:20:53+00:00
2026-09-26,APP-0004,segra,Segra,ios,impressions,136,apple_snapshot_discovery,2026-10-09T02:20:53+00:00
2026-09-26,APP-0004,segra,Segra,ios,store_visitors,5,apple_snapshot_discovery,2026-10-09T02:20:53+00:00
2026-09-26,APP-0002,tagweaver,TagWeaver,android,installs,17,google_store_performance,2026-10-09T02:20:53+00:00
2026-09-26,APP-0002,tagweaver,TagWeaver,android,store_visitors,55,google_store_performance,2026-10-09T02:20:53+00:00
2026-09-26,APP-0002,tagweaver,TagWeaver,ios,impressions,148,apple_snapshot_discovery,2026-10-09T02:20:53+00:00
2026-09-26,APP-0002,tagweaver,TagWeaver,ios,store_visitors,18,apple_snapshot_discovery,2026-10-09T02:20:53+00:00
2026-09-26,APP-0003,vaultxt,VaultXT,android,installs,3,google_store_performance,2026-10-09T02:20:53+00:00
2026-09-26,APP-0003,vaultxt,VaultXT,android,store_visitors,6,google_store_performance,2026-10-09T02:20:53+00:00
2026-09-26,APP-0003,vaultxt,VaultXT,ios,impressions,79,apple_snapshot_discovery,2026-10-09T02:20:53+00:00
2026-09-26,APP-0003,vaultxt,VaultXT,ios,store_visitors,6,apple_snapshot_discovery,2026-10-09T02:20:53+00:00
2026-09-27,APP-0006,aligna,Aligna,ios,impressions,33,apple_snapshot_discovery,2026-10-09T02:20:53+00:00
2026-09-27,APP-0006,aligna,Aligna,ios,store_visitors,2,apple_snapshot_discovery,2026-10-09T02:20:53+00:00
2026-09-27,APP-0005,clipnest,ClipNest,ios,impressions,35,apple_snapshot_discovery,2026-10-09T02:20:53+00:00
2026-09-27,APP-0005,clipnest,ClipNest,ios,store_visitors,1,apple_snapshot_discovery,2026-10-09T02:20:53+00:00
2026-09-27,APP-0008,papira,Papira,ios,impressions,24,apple_snapshot_discovery,2026-10-09T02:20:53+00:00
2026-09-27,APP-0008,papira,Papira,ios,store_visitors,4,apple_snapshot_discovery,2026-10-09T02:20:53+00:00
2026-09-27,APP-0001,quivra,Quivra,ios,impressions,7,apple_snapshot_discovery,2026-10-09T02:20:53+00:00
2026-09-27,APP-0004,segra,Segra,ios,impressions,81,apple_snapshot_discovery,2026-10-09T02:20:53+00:00
2026-09-27,APP-0004,segra,Segra,ios,store_visitors,3,apple_snapshot_discovery,2026-10-09T02:20:53+00:00
2026-09-27,APP-0002,tagweaver,TagWeaver,android,purchases,1,google_estimated_sales,2026-10-09T02:20:53+00:00
2026-09-27,APP-0002,tagweaver,TagWeaver,ios,impressions,148,apple_snapshot_discovery,2026-10-09T02:20:53+00:00
2026-09-27,APP-0002,tagweaver,TagWeaver,ios,purchases,1,apple_snapshot_purchases,2026-10-09T02:20:53+00:00
2026-09-27,APP-0002,tagweaver,TagWeaver,ios,store_visitors,24,apple_snapshot_discovery,2026-10-09T02:20:53+00:00
2026-09-27,APP-0003,vaultxt,VaultXT,ios,impressions,60,apple_snapshot_discovery,2026-10-09T02:20:53+00:00
2026-09-27,APP-0003,vaultxt,VaultXT,ios,store_visitors,3,apple_snapshot_discovery,2026-10-09T02:20:53+00:00
2026-09-28,APP-0006,aligna,Aligna,android,installs,4,google_store_performance,2026-10-09T02:20:53+00:00
2026-09-28,APP-0006,aligna,Aligna,android,store_visitors,5,google_store_performance,2026-10-09T02:20:53+00:00
2026-09-28,APP-0006,aligna,Aligna,ios,impressions,26,apple_snapshot_discovery,2026-10-09T02:20:53+00:00
2026-09-28,APP-0006,aligna,Aligna,ios,store_visitors,3,apple_snapshot_discovery,2026-10-09T02:20:53+00:00
2026-09-28,APP-0005,clipnest,ClipNest,ios,impressions,27,apple_snapshot_discovery,2026-10-09T02:20:53+00:00
2026-09-28,APP-0005,clipnest,ClipNest,ios,store_visitors,3,apple_snapshot_discovery,2026-10-09T02:20:53+00:00
2026-09-28,APP-0007,melivra,Melivra,android,installs,2,google_store_performance,2026-10-09T02:20:53+00:00
2026-09-28,APP-0007,melivra,Melivra,android,store_visitors,13,google_store_performance,2026-10-09T02:20:53+00:00
2026-09-28,APP-0008,papira,Papira,ios,impressions,20,apple_snapshot_discovery,2026-10-09T02:20:53+00:00
2026-09-28,APP-0008,papira,Papira,ios,purchases,1,apple_snapshot_purchases,2026-10-09T02:20:53+00:00
2026-09-28,APP-0008,papira,Papira,ios,store_visitors,2,apple_snapshot_discovery,2026-10-09T02:20:53+00:00
2026-09-28,APP-0001,quivra,Quivra,android,installs,0,google_store_performance,2026-10-09T02:20:53+00:00
2026-09-28,APP-0001,quivra,Quivra,android,store_visitors,2,google_store_performance,2026-10-09T02:20:53+00:00
2026-09-28,APP-0001,quivra,Quivra,ios,impressions,20,apple_snapshot_discovery,2026-10-09T02:20:53+00:00
2026-09-28,APP-0004,segra,Segra,android,installs,0,google_store_performance,2026-10-09T02:20:53+00:00
2026-09-28,APP-0004,segra,Segra,android,store_visitors,2,google_store_performance,2026-10-09T02:20:53+00:00
2026-09-28,APP-0004,segra,Segra,ios,impressions,132,apple_snapshot_discovery,2026-10-09T02:20:53+00:00
2026-09-28,APP-0004,segra,Segra,ios,store_visitors,5,apple_snapshot_discovery,2026-10-09T02:20:53+00:00
2026-09-28,APP-0002,tagweaver,TagWeaver,android,installs,6,google_store_performance,2026-10-09T02:20:53+00:00
2026-09-28,APP-0002,tagweaver,TagWeaver,android,store_visitors,29,google_store_performance,2026-10-09T02:20:53+00:00
2026-09-28,APP-0002,tagweaver,TagWeaver,ios,impressions,154,apple_snapshot_discovery,2026-10-09T02:20:53+00:00
2026-09-28,APP-0002,tagweaver,TagWeaver,ios,store_visitors,9,apple_snapshot_discovery,2026-10-09T02:20:53+00:00
2026-09-28,APP-0003,vaultxt,VaultXT,android,installs,0,google_store_performance,2026-10-09T02:20:53+00:00
2026-09-28,APP-0003,vaultxt,VaultXT,android,store_visitors,2,google_store_performance,2026-10-09T02:20:53+00:00
2026-09-28,APP-0003,vaultxt,VaultXT,ios,impressions,89,apple_snapshot_discovery,2026-10-09T02:20:53+00:00
2026-09-28,APP-0003,vaultxt,VaultXT,ios,store_visitors,5,apple_snapshot_discovery,2026-10-09T02:20:53+00:00
2026-09-29,APP-0006,aligna,Aligna,ios,impressions,50,apple_snapshot_discovery,2026-10-09T02:20:53+00:00
2026-09-29,APP-0006,aligna,Aligna,ios,store_visitors,6,apple_snapshot_discovery,2026-10-09T02:20:53+00:00
2026-09-29,APP-0005,clipnest,ClipNest,ios,impressions,69,apple_snapshot_discovery,2026-10-09T02:20:53+00:00
2026-09-29,APP-0005,clipnest,ClipNest,ios,store_visitors,2,apple_snapshot_discovery,2026-10-09T02:20:53+00:00
2026-09-29,APP-0008,papira,Papira,ios,impressions,41,apple_snapshot_discovery,2026-10-09T02:20:53+00:00
2026-09-29,APP-0008,papira,Papira,ios,store_visitors,1,apple_snapshot_discovery,2026-10-09T02:20:53+00:00
2026-09-29,APP-0001,quivra,Quivra,ios,impressions,54,apple_snapshot_discovery,2026-10-09T02:20:53+00:00
2026-09-29,APP-0001,quivra,Quivra,ios,store_visitors,1,apple_snapshot_discovery,2026-10-09T02:20:53+00:00
2026-09-29,APP-0004,segra,Segra,ios,impressions,95,apple_snapshot_discovery,2026-10-09T02:20:53+00:00
2026-09-29,APP-0004,segra,Segra,ios,store_visitors,2,apple_snapshot_discovery,2026-10-09T02:20:53+00:00
2026-09-29,APP-0002,tagweaver,TagWeaver,ios,impressions,139,apple_snapshot_discovery,2026-10-09T02:20:53+00:00
2026-09-29,APP-0002,tagweaver,TagWeaver,ios,store_visitors,9,apple_snapshot_discovery,2026-10-09T02:20:53+00:00
2026-09-29,APP-0003,vaultxt,VaultXT,ios,impressions,66,apple_snapshot_discovery,2026-10-09T02:20:53+00:00
2026-09-29,APP-0003,vaultxt,VaultXT,ios,store_visitors,10,apple_snapshot_discovery,2026-10-09T02:20:53+00:00
2026-09-30,APP-0006,aligna,Aligna,ios,impressions,55,apple_snapshot_discovery,2026-10-09T02:20:53+00:00
2026-09-30,APP-0006,aligna,Aligna,ios,store_visitors,6,apple_snapshot_discovery,2026-10-09T02:20:53+00:00
2026-09-30,APP-0005,clipnest,ClipNest,ios,impressions,42,apple_snapshot_discovery,2026-10-09T02:20:53+00:00
2026-09-30,APP-0008,papira,Papira,ios,impressions,62,apple_snapshot_discovery,2026-10-09T02:20:53+00:00
2026-09-30,APP-0001,quivra,Quivra,ios,impressions,51,apple_snapshot_discovery,2026-10-09T02:20:53+00:00
2026-09-30,APP-0001,quivra,Quivra,ios,store_visitors,2,apple_snapshot_discovery,2026-10-09T02:20:53+00:00
2026-09-30,APP-0004,segra,Segra,ios,impressions,100,apple_snapshot_discovery,2026-10-09T02:20:53+00:00
2026-09-30,APP-0004,segra,Segra,ios,store_visitors,9,apple_snapshot_discovery,2026-10-09T02:20:53+00:00
2026-09-30,APP-0002,tagweaver,TagWeaver,ios,impressions,141,apple_snapshot_discovery,2026-10-09T02:20:53+00:00
2026-09-30,APP-0002,tagweaver,TagWeaver,ios,store_visitors,8,apple_snapshot_discovery,2026-10-09T02:20:53+00:00
2026-09-30,APP-0003,vaultxt,VaultXT,ios,impressions,69,apple_snapshot_discovery,2026-10-09T02:20:53+00:00
2026-09-30,APP-0003,vaultxt,VaultXT,ios,store_visitors,2,apple_snapshot_discovery,2026-10-09T02:20:53+00:00
2026-10-01,APP-0006,aligna,Aligna,ios,impressions,41,apple_snapshot_discovery,2026-10-09T02:20:53+00:00
2026-10-01,APP-0006,aligna,Aligna,ios,store_visitors,3,apple_snapshot_discovery,2026-10-09T02:20:53+00:00
2026-10-01,APP-0005,clipnest,ClipNest,ios,impressions,55,apple_snapshot_discovery,2026-10-09T02:20:53+00:00
2026-10-01,APP-0005,clipnest,ClipNest,ios,store_visitors,7,apple_snapshot_discovery,2026-10-09T02:20:53+00:00
2026-10-01,APP-0008,papira,Papira,ios,impressions,30,apple_snapshot_discovery,2026-10-09T02:20:53+00:00
2026-10-01,APP-0008,papira,Papira,ios,store_visitors,1,apple_snapshot_discovery,2026-10-09T02:20:53+00:00
2026-10-01,APP-0001,quivra,Quivra,android,purchases,1,google_estimated_sales,2026-10-09T02:20:53+00:00
2026-10-01,APP-0001,quivra,Quivra,ios,impressions,27,apple_snapshot_discovery,2026-10-09T02:20:53+00:00
2026-10-01,APP-0001,quivra,Quivra,ios,store_visitors,3,apple_snapshot_discovery,2026-10-09T02:20:53+00:00
2026-10-01,APP-0004,segra,Segra,ios,impressions,87,apple_snapshot_discovery,2026-10-09T02:20:53+00:00
2026-10-01,APP-0004,segra,Segra,ios,purchases,1,apple_snapshot_purchases,2026-10-09T02:20:53+00:00
2026-10-01,APP-0004,segra,Segra,ios,store_visitors,5,apple_snapshot_discovery,2026-10-09T02:20:53+00:00
2026-10-01,APP-0002,tagweaver,TagWeaver,android,purchases,1,google_estimated_sales,2026-10-09T02:20:53+00:00
2026-10-01,APP-0002,tagweaver,TagWeaver,ios,impressions,121,apple_snapshot_discovery,2026-10-09T02:20:53+00:00
2026-10-01,APP-0002,tagweaver,TagWeaver,ios,purchases,1,apple_snapshot_purchases,2026-10-09T02:20:53+00:00
2026-10-01,APP-0002,tagweaver,TagWeaver,ios,store_visitors,20,apple_snapshot_discovery,2026-10-09T02:20:53+00:00
2026-10-01,APP-0003,vaultxt,VaultXT,ios,impressions,67,apple_snapshot_discovery,2026-10-09T02:20:53+00:00
2026-10-01,APP-0003,vaultxt,VaultXT,ios,store_visitors,4,apple_snapshot_discovery,2026-10-09T02:20:53+00:00
2026-10-02,APP-0006,aligna,Aligna,ios,impressions,30,apple_snapshot_discovery,2026-10-09T02:20:53+00:00
2026-10-02,APP-0006,aligna,Aligna,ios,store_visitors,1,apple_snapshot_discovery,2026-10-09T02:20:53+00:00
2026-10-02,APP-0005,clipnest,ClipNest,ios,impressions,58,apple_snapshot_discovery,2026-10-09T02:20:53+00:00
2026-10-02,APP-0008,papira,Papira,ios,impressions,27,apple_snapshot_discovery,2026-10-09T02:20:53+00:00
2026-10-02,APP-0008,papira,Papira,ios,store_visitors,2,apple_snapshot_discovery,2026-10-09T02:20:53+00:00
2026-10-02,APP-0001,quivra,Quivra,ios,impressions,38,apple_snapshot_discovery,2026-10-09T02:20:53+00:00
2026-10-02,APP-0001,quivra,Quivra,ios,store_visitors,2,apple_snapshot_discovery,2026-10-09T02:20:53+00:00
2026-10-02,APP-0004,segra,Segra,ios,impressions,153,apple_snapshot_discovery,2026-10-09T02:20:53+00:00
2026-10-02,APP-0004,segra,Segra,ios,store_visitors,5,apple_snapshot_discovery,2026-10-09T02:20:53+00:00
2026-10-02,APP-0002,tagweaver,TagWeaver,ios,impressions,116,apple_snapshot_discovery,2026-10-09T02:20:53+00:00
2026-10-02,APP-0002,tagweaver,TagWeaver,ios,purchases,1,apple_snapshot_purchases,2026-10-09T02:20:53+00:00
2026-10-02,APP-0002,tagweaver,TagWeaver,ios,store_visitors,20,apple_snapshot_discovery,2026-10-09T02:20:53+00:00
2026-10-02,APP-0003,vaultxt,VaultXT,ios,impressions,74,apple_snapshot_discovery,2026-10-09T02:20:53+00:00
2026-10-02,APP-0003,vaultxt,VaultXT,ios,store_visitors,15,apple_snapshot_discovery,2026-10-09T02:20:53+00:00
2026-10-03,APP-0006,aligna,Aligna,ios,impressions,22,apple_snapshot_discovery,2026-10-09T02:20:53+00:00
2026-10-03,APP-0006,aligna,Aligna,ios,store_visitors,4,apple_snapshot_discovery,2026-10-09T02:20:53+00:00
2026-10-03,APP-0005,clipnest,ClipNest,ios,impressions,55,apple_snapshot_discovery,2026-10-09T02:20:53+00:00
2026-10-03,APP-0005,clipnest,ClipNest,ios,store_visitors,2,apple_snapshot_discovery,2026-10-09T02:20:53+00:00
2026-10-03,APP-0008,papira,Papira,ios,impressions,25,apple_snapshot_discovery,2026-10-09T02:20:53+00:00
2026-10-03,APP-0001,quivra,Quivra,ios,impressions,12,apple_snapshot_discovery,2026-10-09T02:20:53+00:00
2026-10-03,APP-0001,quivra,Quivra,ios,store_visitors,1,apple_snapshot_discovery,2026-10-09T02:20:53+00:00
2026-10-03,APP-0004,segra,Segra,ios,impressions,119,apple_snapshot_discovery,2026-10-09T02:20:53+00:00
2026-10-03,APP-0004,segra,Segra,ios,store_visitors,2,apple_snapshot_discovery,2026-10-09T02:20:53+00:00
2026-10-03,APP-0002,tagweaver,TagWeaver,android,purchases,1,google_estimated_sales,2026-10-09T02:20:53+00:00
2026-10-03,APP-0002,tagweaver,TagWeaver,ios,impressions,166,apple_snapshot_discovery,2026-10-09T02:20:53+00:00
2026-10-03,APP-0002,tagweaver,TagWeaver,ios,store_visitors,12,apple_snapshot_discovery,2026-10-09T02:20:53+00:00
2026-10-03,APP-0003,vaultxt,VaultXT,ios,impressions,93,apple_snapshot_discovery,2026-10-09T02:20:53+00:00
2026-10-03,APP-0003,vaultxt,VaultXT,ios,store_visitors,6,apple_snapshot_discovery,2026-10-09T02:20:53+00:00
2026-10-04,APP-0006,aligna,Aligna,ios,impressions,35,apple_snapshot_discovery,2026-10-09T02:20:53+00:00
2026-10-04,APP-0005,clipnest,ClipNest,ios,impressions,63,apple_snapshot_discovery,2026-10-09T02:20:53+00:00
2026-10-04,APP-0005,clipnest,ClipNest,ios,store_visitors,6,apple_snapshot_discovery,2026-10-09T02:20:53+00:00
2026-10-04,APP-0008,papira,Papira,ios,impressions,34,apple_snapshot_discovery,2026-10-09T02:20:53+00:00
2026-10-04,APP-0008,papira,Papira,ios,store_visitors,3,apple_snapshot_discovery,2026-10-09T02:20:53+00:00
2026-10-04,APP-0001,quivra,Quivra,ios,impressions,29,apple_snapshot_discovery,2026-10-09T02:20:53+00:00
2026-10-04,APP-0004,segra,Segra,ios,impressions,104,apple_snapshot_discovery,2026-10-09T02:20:53+00:00
2026-10-04,APP-0004,segra,Segra,ios,store_visitors,7,apple_snapshot_discovery,2026-10-09T02:20:53+00:00
2026-10-04,APP-0002,tagweaver,TagWeaver,android,purchases,1,google_estimated_sales,2026-10-09T02:20:53+00:00
2026-10-04,APP-0002,tagweaver,TagWeaver,ios,impressions,151,apple_snapshot_discovery,2026-10-09T02:20:53+00:00
2026-10-04,APP-0002,tagweaver,TagWeaver,ios,store_visitors,26,apple_snapshot_discovery,2026-10-09T02:20:53+00:00
2026-10-04,APP-0003,vaultxt,VaultXT,ios,impressions,106,apple_snapshot_discovery,2026-10-09T02:20:53+00:00
2026-10-04,APP-0003,vaultxt,VaultXT,ios,store_visitors,17,apple_snapshot_discovery,2026-10-09T02:20:53+00:00
2026-10-05,APP-0006,aligna,Aligna,ios,impressions,36,apple_ongoing_discovery,2026-10-09T02:20:53+00:00
2026-10-05,APP-0006,aligna,Aligna,ios,store_visitors,7,apple_ongoing_discovery,2026-10-09T02:20:53+00:00
2026-10-05,APP-0005,clipnest,ClipNest,ios,impressions,40,apple_ongoing_discovery,2026-10-09T02:20:53+00:00
2026-10-05,APP-0005,clipnest,ClipNest,ios,store_visitors,1,apple_ongoing_discovery,2026-10-09T02:20:53+00:00
2026-10-05,APP-0008,papira,Papira,ios,impressions,27,apple_ongoing_discovery,2026-10-09T02:20:53+00:00
2026-10-05,APP-0008,papira,Papira,ios,store_visitors,2,apple_ongoing_discovery,2026-10-09T02:20:53+00:00
2026-10-05,APP-0001,quivra,Quivra,ios,impressions,24,apple_ongoing_discovery,2026-10-09T02:20:53+00:00
2026-10-05,APP-0004,segra,Segra,ios,impressions,86,apple_ongoing_discovery,2026-10-09T02:20:53+00:00
2026-10-05,APP-0004,segra,Segra,ios,store_visitors,2,apple_ongoing_discovery,2026-10-09T02:20:53+00:00
2026-10-05,APP-0002,tagweaver,TagWeaver,ios,impressions,92,apple_ongoing_discovery,2026-10-09T02:20:53+00:00
2026-10-05,APP-0002,tagweaver,TagWeaver,ios,store_visitors,6,apple_ongoing_discovery,2026-10-09T02:20:53+00:00
2026-10-05,APP-0003,vaultxt,VaultXT,ios,impressions,110,apple_ongoing_discovery,2026-10-09T02:20:53+00:00
2026-10-05,APP-0003,vaultxt,VaultXT,ios,store_visitors,11,apple_ongoing_discovery,2026-10-09T02:20:53+00:00
2026-10-06,APP-0006,aligna,Aligna,ios,impressions,22,apple_ongoing_discovery,2026-10-09T02:20:53+00:00
2026-10-06,APP-0006,aligna,Aligna,ios,store_visitors,9,apple_ongoing_discovery,2026-10-09T02:20:53+00:00
2026-10-06,APP-0005,clipnest,ClipNest,ios,impressions,35,apple_ongoing_discovery,2026-10-09T02:20:53+00:00
2026-10-06,APP-0005,clipnest,ClipNest,ios,store_visitors,2,apple_ongoing_discovery,2026-10-09T02:20:53+00:00
2026-10-06,APP-0008,papira,Papira,ios,impressions,36,apple_ongoing_discovery,2026-10-09T02:20:53+00:00
2026-10-06,APP-0008,papira,Papira,ios,store_visitors,1,apple_ongoing_discovery,2026-10-09T02:20:53+00:00
2026-10-06,APP-0001,quivra,Quivra,ios,impressions,29,apple_ongoing_discovery,2026-10-09T02:20:53+00:00
2026-10-06,APP-0004,segra,Segra,ios,impressions,108,apple_ongoing_discovery,2026-10-09T02:20:53+00:00
2026-10-06,APP-0004,segra,Segra,ios,store_visitors,9,apple_ongoing_discovery,2026-10-09T02:20:53+00:00
2026-10-06,APP-0002,tagweaver,TagWeaver,ios,impressions,118,apple_ongoing_discovery,2026-10-09T02:20:53+00:00
2026-10-06,APP-0002,tagweaver,TagWeaver,ios,store_visitors,15,apple_ongoing_discovery,2026-10-09T02:20:53+00:00
2026-10-06,APP-0003,vaultxt,VaultXT,ios,impressions,127,apple_ongoing_discovery,2026-10-09T02:20:53+00:00
2026-10-06,APP-0003,vaultxt,VaultXT,ios,store_visitors,7,apple_ongoing_discovery,2026-10-09T02:20:53+00:00
2026-10-07,APP-0006,aligna,Aligna,ios,impressions,41,apple_ongoing_discovery,2026-10-09T02:20:53+00:00
2026-10-07,APP-0006,aligna,Aligna,ios,store_visitors,6,apple_ongoing_discovery,2026-10-09T02:20:53+00:00
2026-10-07,APP-0005,clipnest,ClipNest,ios,impressions,45,apple_ongoing_discovery,2026-10-09T02:20:53+00:00
2026-10-07,APP-0005,clipnest,ClipNest,ios,store_visitors,1,apple_ongoing_discovery,2026-10-09T02:20:53+00:00
2026-10-07,APP-0008,papira,Papira,android,purchases,1,google_estimated_sales,2026-10-09T02:20:53+00:00
2026-10-07,APP-0008,papira,Papira,ios,impressions,27,apple_ongoing_discovery,2026-10-09T02:20:53+00:00
2026-10-07,APP-0008,papira,Papira,ios,store_visitors,3,apple_ongoing_discovery,2026-10-09T02:20:53+00:00
2026-10-07,APP-0001,quivra,Quivra,ios,impressions,30,apple_ongoing_discovery,2026-10-09T02:20:53+00:00
2026-10-07,APP-0004,segra,Segra,ios,impressions,156,apple_ongoing_discovery,2026-10-09T02:20:53+00:00
2026-10-07,APP-0004,segra,Segra,ios,store_visitors,3,apple_ongoing_discovery,2026-10-09T02:20:53+00:00
2026-10-07,APP-0002,tagweaver,TagWeaver,android,purchases,1,google_estimated_sales,2026-10-09T02:20:53+00:00
2026-10-07,APP-0002,tagweaver,TagWeaver,ios,impressions,167,apple_ongoing_discovery,2026-10-09T02:20:53+00:00
2026-10-07,APP-0002,tagweaver,TagWeaver,ios,store_visitors,13,apple_ongoing_discovery,2026-10-09T02:20:53+00:00
2026-10-07,APP-0003,vaultxt,VaultXT,ios,impressions,130,apple_ongoing_discovery,2026-10-09T02:20:53+00:00
2026-10-07,APP-0003,vaultxt,VaultXT,ios,store_visitors,3,apple_ongoing_discovery,2026-10-09T02:20:53+00:00
